building_tag,longitude,latitude,day,hour,students_number
YORK,32.874554,-117.240005,M,12,408
WFH,32.886956,-117.241839,M,10,0
ECON,32.875323,-117.2355,Th,16,9
VAUGN,32.865324,-117.252961,F,14,9
BONN,32.875415,-117.240332,Th,11,0
CENTR,32.877773,-117.237262,W,12,1432
CMME,32.875561,-117.235448,M,13,20
WLH,32.880558,-117.234319,Tu,19,409
MCGIL,32.879049,-117.242043,Th,16,15
EBU2,32.881243,-117.233615,W,17,39
CPMC,32.877962,-117.234429,Tu,09,67
MCC,32.88156,-117.24028,W,16,62
APM,32.879039,-117.241028,M,13,118
OTRSN,32.88662,-117.241109,M,14,107
MET,32.875344,-117.234821,W,15,15
CENTR,32.877773,-117.237262,Tu,17,1234
CPMC,32.877962,-117.234429,Th,09,100
CPMC,32.877962,-117.234429,Th,13,245
TM102,32.881485,-117.23968,Tu,13,16
CENTR,32.877773,-117.237262,Tu,09,1216
RBC,32.884341,-117.240977,Tu,14,69
PETER,32.880013,-117.240351,Th,20,283
ASANT,32.884082,-117.241912,M,09,28
OTRSN,32.88662,-117.241109,W,14,87
HSS,32.878391,-117.241665,Th,10,284
GH,32.873717,-117.240975,F,17,5
LIT,32.880495,-117.23385,F,13,34
CENTR,32.877773,-117.237262,M,13,1256
SOLIS,32.880931,-117.239798,Th,12,466
APM,32.879039,-117.241028,Tu,12,202
NSB,32.875274,-117.242808,W,13,21
YORK,32.874554,-117.240005,W,11,469
SSB,32.883965,-117.240439,W,14,60
MCC,32.88156,-117.24028,F,15,8
MAYER,32.875322,-117.24019,Th,09,4
OTRSN,32.88662,-117.241109,Tu,17,97
CENTR,32.877773,-117.237262,F,10,1359
TM102,32.881485,-117.23968,Th,16,34
CMME,32.875561,-117.235448,Th,09,21
HSS,32.878391,-117.241665,Th,08,234
PACIF,32.87603,-117.242393,Tu,13,9
YORK,32.874554,-117.240005,Tu,20,43
GH,32.873717,-117.240975,Th,15,279
BIO,32.876028,-117.242219,Tu,13,9
PCYNH,32.878422,-117.233767,F,12,284
MANDE,32.877866,-117.239432,Tu,14,267
EBU2,32.881243,-117.233615,Tu,10,102
YORK,32.874554,-117.240005,Tu,12,657
YORK,32.874554,-117.240005,F,18,0
GH,32.873717,-117.240975,M,08,187
IGPP,32.868349,-117.252952,Tu,12,0
LEDDN,32.878867,-117.241695,Tu,08,206
VAUGN,32.865324,-117.252961,Tu,09,39
NSB,32.875274,-117.242808,Th,12,76
MET,32.875344,-117.234821,Tu,15,0
LEDDN,32.878867,-117.241695,F,15,240
MET,32.875344,-117.234821,W,09,6
MANDE,32.877866,-117.239432,F,09,206
ASANT,32.884082,-117.241912,F,12,67
LEDDN,32.878867,-117.241695,Tu,16,131
VAF,32.87918,-117.234138,Tu,14,30
MCGIL,32.879049,-117.242043,Th,08,0
WFH,32.886956,-117.241839,Tu,16,226
IGPP,32.868349,-117.252952,F,11,12
PRICE,32.879733,-117.236191,F,11,475
SSB,32.883965,-117.240439,F,11,10
YORK,32.874554,-117.240005,Th,17,128
PFBH,32.881568,-117.234351,Tu,15,17
MYR-A,32.875268,-117.240194,Tu,19,39
MANDE,32.877866,-117.239432,M,15,108
MCGIL,32.879049,-117.242043,F,12,86
RBC,32.884341,-117.240977,Tu,20,71
GH,32.873717,-117.240975,Tu,20,5
SSB,32.883965,-117.240439,M,19,8
APM,32.879039,-117.241028,Th,15,231
BSB,32.875597,-117.236066,Th,11,62
SME,32.87989,-117.233139,Tu,13,168
GH,32.873717,-117.240975,Tu,18,277
BONN,32.875415,-117.240332,Tu,11,0
LEDDN,32.878867,-117.241695,M,18,100
GH,32.873717,-117.240975,W,21,5
EBU2,32.881243,-117.233615,F,08,32
CPMC,32.877962,-117.234429,W,16,52
TM102,32.881485,-117.23968,W,12,14
ASANT,32.884082,-117.241912,Tu,15,57
APM,32.879039,-117.241028,M,09,58
VAF,32.87918,-117.234138,F,12,24
CSB,32.880547,-117.239444,Tu,08,211
MANDE,32.877866,-117.239432,W,14,299
CPMC,32.877962,-117.234429,Tu,17,49
MET,32.875344,-117.234821,M,15,0
WFH,32.886956,-117.241839,M,19,224
PCYNH,32.878422,-117.233767,Tu,13,434
SPIES,32.869081,-117.251015,F,15,2
RBC,32.884341,-117.240977,W,14,69
PFBH,32.881568,-117.234351,M,14,44
BONN,32.875415,-117.240332,Th,18,0
APM,32.879039,-117.241028,F,14,75
MAYER,32.875322,-117.24019,Tu,13,0
GH,32.873717,-117.240975,W,14,229
SSB,32.883965,-117.240439,Tu,17,22
SSRB,32.880687,-117.240153,F,10,11
MCC,32.88156,-117.24028,M,10,28
SEQUO,32.882173,-117.240561,Th,09,87
PETER,32.880013,-117.240351,M,09,444
MNDLR,32.879312,-117.242139,Th,16,38
RBC,32.884341,-117.240977,M,13,206
TMCA,32.881417,-117.241052,Th,15,5
PETER,32.880013,-117.240351,Tu,08,334
VAUGN,32.865324,-117.252961,W,14,4
CSB,32.880547,-117.239444,M,15,223
RBC,32.884341,-117.240977,Th,12,275
RBC,32.884341,-117.240977,Th,16,73
MANDE,32.877866,-117.239432,Th,14,286
PRICE,32.879733,-117.236191,Tu,08,394
BSB,32.875597,-117.236066,Tu,12,62
HSS,32.878391,-117.241665,Tu,10,293
CSB,32.880547,-117.239444,Tu,10,238
CENTR,32.877773,-117.237262,Tu,20,562
CSB,32.880547,-117.239444,W,19,170
LEDDN,32.878867,-117.241695,Th,09,206
HSS,32.878391,-117.241665,W,11,390
GH,32.873717,-117.240975,M,12,164
HUBBS,32.867457,-117.253423,M,15,27
SOLIS,32.880931,-117.239798,W,09,352
CENTR,32.877773,-117.237262,W,20,466
PETER,32.880013,-117.240351,W,18,674
SOLIS,32.880931,-117.239798,Th,19,418
CENTR,32.877773,-117.237262,Th,17,884
YORK,32.874554,-117.240005,W,18,291
SSB,32.883965,-117.240439,Th,14,77
WLH,32.880558,-117.234319,Th,21,49
APM,32.879039,-117.241028,W,14,109
CSB,32.880547,-117.239444,Th,15,144
GH,32.873717,-117.240975,W,16,389
MAYER,32.875322,-117.24019,Th,17,0
YORK,32.874554,-117.240005,F,11,430
OTRSN,32.88662,-117.241109,Th,12,153
ASANT,32.884082,-117.241912,F,11,68
OTRSN,32.88662,-117.241109,F,17,0
WLH,32.880558,-117.234319,F,08,514
WFH,32.886956,-117.241839,Th,16,226
WFH,32.886956,-117.241839,Th,18,155
EBU2,32.881243,-117.233615,Th,09,52
VAF,32.87918,-117.234138,W,15,13
PCYNH,32.878422,-117.233767,W,09,334
ECON,32.875323,-117.2355,Th,14,9
PCYNH,32.878422,-117.233767,M,14,256
PFBH,32.881568,-117.234351,W,14,74
HSS,32.878391,-117.241665,F,10,211
OTRSN,32.88662,-117.241109,Tu,19,97
IGPP,32.868349,-117.252952,Th,12,0
LFFB,32.876682,-117.236868,Tu,14,0
SME,32.87989,-117.233139,Th,10,126
PCYNH,32.878422,-117.233767,F,08,50
ASANT,32.884082,-117.241912,Th,15,59
SSB,32.883965,-117.240439,M,10,47
SOLIS,32.880931,-117.239798,F,10,406
SEQUO,32.882173,-117.240561,W,13,40
PCYNH,32.878422,-117.233767,Tu,08,76
CSB,32.880547,-117.239444,W,20,181
CPMC,32.877962,-117.234429,F,15,13
VAUGN,32.865324,-117.252961,Th,10,57
GH,32.873717,-117.240975,Tu,11,354
LEDDN,32.878867,-117.241695,M,11,178
PETER,32.880013,-117.240351,M,17,698
LIT,32.880495,-117.23385,Tu,09,15
EBU3B,32.881835,-117.233523,W,19,48
ASANT,32.884082,-117.241912,W,14,75
UREY,32.875569,-117.241055,Th,13,0
SEQUO,32.882173,-117.240561,M,09,78
IGPP,32.868349,-117.252952,M,15,21
PETER,32.880013,-117.240351,Th,16,692
MCGIL,32.879049,-117.242043,F,09,109
MCGIL,32.879049,-117.242043,W,11,75
SPIES,32.869081,-117.251015,W,18,55
PRICE,32.879733,-117.236191,M,09,294
BONN,32.875415,-117.240332,W,16,0
SEQUO,32.882173,-117.240561,F,10,48
CPMC,32.877962,-117.234429,M,11,132
CENTR,32.877773,-117.237262,W,09,1253
PFBH,32.881568,-117.234351,W,18,35
SME,32.87989,-117.233139,F,09,13
EBU2,32.881243,-117.233615,F,12,29
OTRSN,32.88662,-117.241109,Tu,21,0
EBU3B,32.881835,-117.233523,Tu,18,28
VAF,32.87918,-117.234138,Th,12,37
MAYER,32.875322,-117.24019,W,09,0
SOLIS,32.880931,-117.239798,M,16,266
WFH,32.886956,-117.241839,W,14,226
PFBH,32.881568,-117.234351,Th,11,1
ASANT,32.884082,-117.241912,F,09,41
HUBBS,32.867457,-117.253423,W,13,50
RBC,32.884341,-117.240977,Th,21,43
MCGIL,32.879049,-117.242043,Tu,14,41
RBC,32.884341,-117.240977,Tu,11,250
MNDLR,32.879312,-117.242139,M,12,10
ECKRT,32.86716,-117.252589,Tu,11,65
PCYNH,32.878422,-117.233767,Th,15,556
WLH,32.880558,-117.234319,Tu,13,634
CENTR,32.877773,-117.237262,W,17,1000
OTRSN,32.88662,-117.241109,M,21,0
WLH,32.880558,-117.234319,Tu,16,774
MCC,32.88156,-117.24028,W,11,55
LEDDN,32.878867,-117.241695,Th,17,166
NIERN,32.868487,-117.251196,Th,13,5
OTRSN,32.88662,-117.241109,M,19,33
TM102,32.881485,-117.23968,Th,08,30
CSB,32.880547,-117.239444,F,15,240
BIO,32.876028,-117.242219,W,15,40
MYR-A,32.875268,-117.240194,Th,16,42
NSB,32.875274,-117.242808,F,14,32
HSS,32.878391,-117.241665,Th,15,402
GH,32.873717,-117.240975,F,12,164
CENTR,32.877773,-117.237262,M,18,1094
APM,32.879039,-117.241028,Tu,15,235
NSB,32.875274,-117.242808,W,16,0
ECON,32.875323,-117.2355,W,14,13
PCYNH,32.878422,-117.233767,W,19,206
MCC,32.88156,-117.24028,F,12,17
IGPP,32.868349,-117.252952,W,09,5
OTRSN,32.88662,-117.241109,Tu,12,153
EBU3B,32.881835,-117.233523,Th,10,122
TM102,32.881485,-117.23968,Th,13,31
ECON,32.875323,-117.2355,Tu,13,6
GH,32.873717,-117.240975,Th,12,352
EBU3B,32.881835,-117.233523,F,13,47
YORK,32.874554,-117.240005,Tu,19,443
SEQUO,32.882173,-117.240561,Tu,14,56
PETER,32.880013,-117.240351,F,12,700
SEQUO,32.882173,-117.240561,W,20,32
MNDLR,32.879312,-117.242139,Th,10,0
OTRSN,32.88662,-117.241109,Th,14,136
ASANT,32.884082,-117.241912,F,17,28
LEDDN,32.878867,-117.241695,Tu,13,201
SOLIS,32.880931,-117.239798,M,08,202
YORK,32.874554,-117.240005,Tu,09,481
MAYER,32.875322,-117.24019,W,13,7
MYR-A,32.875268,-117.240194,M,13,17
NSB,32.875274,-117.242808,Tu,10,80
RBC,32.884341,-117.240977,F,10,22
YORK,32.874554,-117.240005,Th,10,469
MYR-A,32.875268,-117.240194,Tu,14,90
YORK,32.874554,-117.240005,Th,09,481
MANDE,32.877866,-117.239432,M,10,232
HSS,32.878391,-117.241665,W,21,0
ECKRT,32.86716,-117.252589,Th,11,65
CENTR,32.877773,-117.237262,Th,09,1192
APM,32.879039,-117.241028,Th,12,210
MCGIL,32.879049,-117.242043,Th,09,0
UREY,32.875569,-117.241055,Tu,13,0
LIT,32.880495,-117.23385,W,14,58
SME,32.87989,-117.233139,Tu,14,27
MCC,32.88156,-117.24028,Th,16,0
EBU3B,32.881835,-117.233523,Tu,17,28
CSB,32.880547,-117.239444,W,13,221
SOLIS,32.880931,-117.239798,Tu,20,245
SEQUO,32.882173,-117.240561,M,13,36
CENTR,32.877773,-117.237262,Tu,07,97
CSB,32.880547,-117.239444,Tu,13,187
CMME,32.875561,-117.235448,Tu,09,21
PETER,32.880013,-117.240351,Tu,16,692
MYR-A,32.875268,-117.240194,W,12,51
SEQUO,32.882173,-117.240561,Th,17,17
WLH,32.880558,-117.234319,W,10,769
CPMC,32.877962,-117.234429,Tu,12,275
EBU1,32.881659,-117.235623,M,12,37
YORK,32.874554,-117.240005,M,16,497
WFH,32.886956,-117.241839,M,14,226
PCYNH,32.878422,-117.233767,Tu,16,617
MYR-A,32.875268,-117.240194,M,09,10
BONN,32.875415,-117.240332,Th,15,0
HUBBS,32.867457,-117.253423,F,09,24
NIERN,32.868487,-117.251196,Th,12,0
PCYNH,32.878422,-117.233767,F,16,408
GH,32.873717,-117.240975,F,09,293
EBU1,32.881659,-117.235623,Tu,16,10
EBU2,32.881243,-117.233615,W,13,35
MCC,32.88156,-117.24028,M,17,42
LEDDN,32.878867,-117.241695,Th,18,166
ASANT,32.884082,-117.241912,M,17,30
MNDLR,32.879312,-117.242139,Th,11,36
RBC,32.884341,-117.240977,M,16,69
ECKRT,32.86716,-117.252589,M,11,24
APM,32.879039,-117.241028,M,17,102
OTRSN,32.88662,-117.241109,M,10,117
WLH,32.880558,-117.234319,M,20,504
WFH,32.886956,-117.241839,Th,12,134
CSB,32.880547,-117.239444,W,12,138
CPMC,32.877962,-117.234429,Th,17,38
TM102,32.881485,-117.23968,Tu,17,18
EBU2,32.881243,-117.233615,Th,17,33
HSS,32.878391,-117.241665,Tu,17,248
WLH,32.880558,-117.234319,F,12,659
OTRSN,32.88662,-117.241109,W,10,117
OTRSN,32.88662,-117.241109,F,09,0
MANDE,32.877866,-117.239432,Tu,16,114
SOLIS,32.880931,-117.239798,Th,16,377
HSS,32.878391,-117.241665,M,14,207
HUBBS,32.867457,-117.253423,Tu,14,26
NIERN,32.868487,-117.251196,W,13,6
YORK,32.874554,-117.240005,W,15,318
SSB,32.883965,-117.240439,W,18,26
SSB,32.883965,-117.240439,Th,11,51
APM,32.879039,-117.241028,W,11,60
MANDE,32.877866,-117.239432,Tu,12,371
CENTR,32.877773,-117.237262,F,14,950
EBU3B,32.881835,-117.233523,Th,19,87
GH,32.873717,-117.240975,W,13,457
GH,32.873717,-117.240975,Th,19,277
RBC,32.884341,-117.240977,F,09,22
EBU2,32.881243,-117.233615,Tu,14,133
YORK,32.874554,-117.240005,Tu,16,280
YORK,32.874554,-117.240005,F,14,330
NSB,32.875274,-117.242808,Tu,18,7
MCGIL,32.879049,-117.242043,Th,18,12
OTRSN,32.88662,-117.241109,M,20,0
LEDDN,32.878867,-117.241695,F,11,178
LIT,32.880495,-117.23385,Th,17,47
VAF,32.87918,-117.234138,W,10,24
EBU1,32.881659,-117.235623,Th,09,23
VAF,32.87918,-117.234138,Tu,10,24
PRICE,32.879733,-117.236191,Th,13,208
RBC,32.884341,-117.240977,M,09,58
SEQUO,32.882173,-117.240561,F,09,0
PCYNH,32.878422,-117.233767,M,11,496
PRICE,32.879733,-117.236191,M,12,475
IGPP,32.868349,-117.252952,Th,15,21
MET,32.875344,-117.234821,F,15,0
SSB,32.883965,-117.240439,Tu,09,60
MANDE,32.877866,-117.239432,M,19,185
WLH,32.880558,-117.234319,M,10,868
MCGIL,32.879049,-117.242043,F,16,39
CICC,32.885032,-117.241292,Th,11,199
ASANT,32.884082,-117.241912,Th,10,59
BSB,32.875597,-117.236066,Th,15,16
PRICE,32.879733,-117.236191,W,09,294
GH,32.873717,-117.240975,Tu,14,243
LIT,32.880495,-117.23385,W,13,41
PCYNH,32.878422,-117.233767,W,11,545
SEQUO,32.882173,-117.240561,M,18,68
ASANT,32.884082,-117.241912,W,13,59
SSB,32.883965,-117.240439,M,09,17
IGPP,32.868349,-117.252952,M,10,7
EBU3B,32.881835,-117.233523,Tu,08,15
MANDE,32.877866,-117.239432,W,10,182
BONN,32.875415,-117.240332,W,13,17
MCGIL,32.879049,-117.242043,M,14,33
CENTR,32.877773,-117.237262,Th,07,97
CSB,32.880547,-117.239444,Th,13,187
MAYER,32.875322,-117.24019,Tu,17,0
EBU2,32.881243,-117.233615,F,17,11
SSB,32.883965,-117.240439,Tu,13,62
CMME,32.875561,-117.235448,F,14,20
MCGIL,32.879049,-117.242043,Th,17,14
WLH,32.880558,-117.234319,Th,20,52
WFH,32.886956,-117.241839,Th,09,122
APM,32.879039,-117.241028,F,11,52
VAUGN,32.865324,-117.252961,W,10,16
MAYER,32.875322,-117.24019,Tu,10,4
CENTR,32.877773,-117.237262,Tu,18,1152
MANDE,32.877866,-117.239432,Th,10,246
SOLIS,32.880931,-117.239798,M,13,211
CICC,32.885032,-117.241292,Tu,11,199
LIT,32.880495,-117.23385,M,14,48
BONN,32.875415,-117.240332,F,15,0
NIERN,32.868487,-117.251196,Tu,14,5
HUBBS,32.867457,-117.253423,W,14,27
LFFB,32.876682,-117.236868,F,09,13
MANDE,32.877866,-117.239432,F,13,224
VAF,32.87918,-117.234138,Th,09,24
GH,32.873717,-117.240975,M,16,409
PETER,32.880013,-117.240351,W,14,549
PCYNH,32.878422,-117.233767,Th,12,559
MCGIL,32.879049,-117.242043,Th,13,19
ECON,32.875323,-117.2355,M,16,20
HSS,32.878391,-117.241665,M,11,374
CENTR,32.877773,-117.237262,Th,13,1283
SSB,32.883965,-117.240439,Th,18,23
PCYNH,32.878422,-117.233767,F,18,84
PETER,32.880013,-117.240351,W,09,458
EBU1,32.881659,-117.235623,Th,14,36
CSB,32.880547,-117.239444,Th,19,224
EBU3B,32.881835,-117.233523,W,09,84
OTRSN,32.88662,-117.241109,Tu,09,137
MAYER,32.875322,-117.24019,Th,13,0
MANDE,32.877866,-117.239432,Tu,20,18
EBU3B,32.881835,-117.233523,M,12,296
NSB,32.875274,-117.242808,W,09,0
CENTR,32.877773,-117.237262,M,09,1256
ECKRT,32.86716,-117.252589,W,14,30
HSS,32.878391,-117.241665,Th,20,244
RBC,32.884341,-117.240977,Th,09,144
EBU2,32.881243,-117.233615,Tu,09,68
CSB,32.880547,-117.239444,F,10,114
OTRSN,32.88662,-117.241109,F,13,0
SOLIS,32.880931,-117.239798,Tu,18,420
PRICE,32.879733,-117.236191,F,08,236
PETER,32.880013,-117.240351,F,08,576
DANCE,32.871733,-117.24019,M,14,2
VAF,32.87918,-117.234138,M,16,15
SPIES,32.869081,-117.251015,Tu,15,5
ERCA,32.886146,-117.242029,W,12,29
ECON,32.875323,-117.2355,Th,10,35
TM102,32.881485,-117.23968,Th,20,32
PCYNH,32.878422,-117.233767,M,18,281
HSS,32.878391,-117.241665,F,14,73
EBU2,32.881243,-117.233615,W,09,93
WLH,32.880558,-117.234319,W,20,104
LFFB,32.876682,-117.236868,Th,13,0
SSB,32.883965,-117.240439,M,14,93
SOLIS,32.880931,-117.239798,F,14,370
MAYER,32.875322,-117.24019,F,17,0
MNDLR,32.879312,-117.242139,F,13,4
SEQUO,32.882173,-117.240561,W,17,43
CPMC,32.877962,-117.234429,F,11,40
CSB,32.880547,-117.239444,Tu,19,240
PETER,32.880013,-117.240351,F,15,354
SPIES,32.869081,-117.251015,Th,14,5
LEDDN,32.878867,-117.241695,M,15,240
PETER,32.880013,-117.240351,M,13,770
LFFB,32.876682,-117.236868,Tu,13,0
BRF2,32.87448,-117.234951,F,10,19
LEDDN,32.878867,-117.241695,Tu,18,166
CPMC,32.877962,-117.234429,Th,19,15
LEDDN,32.878867,-117.241695,W,18,100
MYR-A,32.875268,-117.240194,M,14,23
NSB,32.875274,-117.242808,Tu,15,38
PETER,32.880013,-117.240351,Th,12,752
GH,32.873717,-117.240975,M,21,5
RVCOM,32.874702,-117.241985,Th,15,9
SPIES,32.869081,-117.251015,Th,16,15
SEQUO,32.882173,-117.240561,F,14,16
CPMC,32.877962,-117.234429,M,15,21
SERF,32.879664,-117.235105,W,16,5
EBU2,32.881243,-117.233615,M,10,68
EBU3B,32.881835,-117.233523,W,10,84
SOLIS,32.880931,-117.239798,W,10,406
NIERN,32.868487,-117.251196,Th,16,0
SME,32.87989,-117.233139,Tu,19,56
MCC,32.88156,-117.24028,Th,11,50
VAF,32.87918,-117.234138,Th,16,22
MNDLR,32.879312,-117.242139,Tu,17,11
NIERN,32.868487,-117.251196,M,12,8
WLH,32.880558,-117.234319,Th,17,794
MCC,32.88156,-117.24028,Th,09,15
PFBH,32.881568,-117.234351,F,08,19
HUBBS,32.867457,-117.253423,W,09,10
WFH,32.886956,-117.241839,W,10,0
MCGIL,32.879049,-117.242043,Tu,10,0
PETER,32.880013,-117.240351,Tu,11,717
MYR-A,32.875268,-117.240194,W,17,83
DANCE,32.871733,-117.24019,Tu,16,37
SEQUO,32.882173,-117.240561,Th,12,73
SSRB,32.880687,-117.240153,F,09,11
EBU1,32.881659,-117.235623,M,17,26
YORK,32.874554,-117.240005,M,13,506
VAUGN,32.865324,-117.252961,F,15,9
RBC,32.884341,-117.240977,Tu,18,124
CENTR,32.877773,-117.237262,W,13,1285
HSS,32.878391,-117.241665,M,09,289
SME,32.87989,-117.233139,M,13,97
NIERN,32.868487,-117.251196,Th,17,7
PCYNH,32.878422,-117.233767,F,11,494
EBU2,32.881243,-117.233615,W,16,113
OTRSN,32.88662,-117.241109,Th,09,137
LEDDN,32.878867,-117.241695,Th,13,201
ECKRT,32.86716,-117.252589,M,14,30
APM,32.879039,-117.241028,M,10,98
OTRSN,32.88662,-117.241109,M,15,157
CENTR,32.877773,-117.237262,Tu,16,1228
CPMC,32.877962,-117.234429,Th,10,99
TM102,32.881485,-117.23968,Tu,12,38
WLH,32.880558,-117.234319,F,17,117
SOLIS,32.880931,-117.239798,Tu,11,450
OTRSN,32.88662,-117.241109,W,15,136
SPIES,32.869081,-117.251015,W,17,55
HSS,32.878391,-117.241665,Th,11,348
GH,32.873717,-117.240975,M,18,273
ERCA,32.886146,-117.242029,Th,09,6
GH,32.873717,-117.240975,F,16,389
CENTR,32.877773,-117.237262,M,14,1077
PFBH,32.881568,-117.234351,W,09,22
SOLIS,32.880931,-117.239798,Th,13,346
APM,32.879039,-117.241028,Tu,11,167
NSB,32.875274,-117.242808,W,12,0
APM,32.879039,-117.241028,Tu,08,141
SSB,32.883965,-117.240439,W,15,48
MCC,32.88156,-117.24028,F,16,8
OTRSN,32.88662,-117.241109,Tu,16,116
CENTR,32.877773,-117.237262,F,13,949
TM102,32.881485,-117.23968,Th,17,34
WLH,32.880558,-117.234319,M,17,592
MANDE,32.877866,-117.239432,Tu,19,107
GH,32.873717,-117.240975,Th,16,279
CSB,32.880547,-117.239444,F,08,35
EBU2,32.881243,-117.233615,Tu,11,162
EBU3B,32.881835,-117.233523,Th,22,35
IGPP,32.868349,-117.252952,Tu,13,0
SEQUO,32.882173,-117.240561,Tu,10,87
NSB,32.875274,-117.242808,Th,15,19
PRICE,32.879733,-117.236191,M,11,475
MET,32.875344,-117.234821,Tu,14,10
LFFB,32.876682,-117.236868,Tu,17,7
MANDE,32.877866,-117.239432,F,08,30
OTRSN,32.88662,-117.241109,Th,10,119
ASANT,32.884082,-117.241912,F,13,59
LEDDN,32.878867,-117.241695,Tu,17,166
BSB,32.875597,-117.236066,W,11,0
YORK,32.874554,-117.240005,Tu,21,26
VAF,32.87918,-117.234138,Tu,15,30
MANDE,32.877866,-117.239432,Th,20,18
WLH,32.880558,-117.234319,Tu,21,92
RBC,32.884341,-117.240977,F,14,0
YORK,32.874554,-117.240005,Th,14,272
MET,32.875344,-117.234821,F,10,6
PFBH,32.881568,-117.234351,Tu,16,17
BONN,32.875415,-117.240332,M,13,17
MANDE,32.877866,-117.239432,M,14,307
GH,32.873717,-117.240975,Tu,21,5
CSB,32.880547,-117.239444,Th,10,254
APM,32.879039,-117.241028,Th,16,216
EBU2,32.881243,-117.233615,M,19,49
BSB,32.875597,-117.236066,Th,10,65
UREY,32.875569,-117.241055,Tu,17,0
SME,32.87989,-117.233139,Tu,10,121
SME,32.87989,-117.233139,W,12,109
BONN,32.875415,-117.240332,Tu,10,0
GH,32.873717,-117.240975,W,20,5
SEQUO,32.882173,-117.240561,Tu,09,87
EBU3B,32.881835,-117.233523,W,17,108
WFH,32.886956,-117.241839,W,19,102
CPMC,32.877962,-117.234429,W,17,2
TM102,32.881485,-117.23968,W,13,17
ASANT,32.884082,-117.241912,Tu,12,76
VAF,32.87918,-117.234138,F,13,24
CPMC,32.877962,-117.234429,Tu,16,35
MET,32.875344,-117.234821,M,16,0
WFH,32.886956,-117.241839,M,18,224
PCYNH,32.878422,-117.233767,Tu,12,559
SPIES,32.869081,-117.251015,F,14,2
RBC,32.884341,-117.240977,W,13,206
APM,32.879039,-117.241028,F,13,74
MAYER,32.875322,-117.24019,Tu,12,46
NSB,32.875274,-117.242808,M,16,0
ERCA,32.886146,-117.242029,Th,10,6
SSB,32.883965,-117.240439,Tu,16,89
SSRB,32.880687,-117.240153,F,11,11
MCC,32.88156,-117.24028,M,13,62
VAF,32.87918,-117.234138,Th,18,22
SOLIS,32.880931,-117.239798,Tu,08,299
PETER,32.880013,-117.240351,M,08,596
RBC,32.884341,-117.240977,M,12,249
PETER,32.880013,-117.240351,Tu,09,443
CMME,32.875561,-117.235448,Tu,14,19
CSB,32.880547,-117.239444,M,12,176
RBC,32.884341,-117.240977,Th,11,259
CSB,32.880547,-117.239444,W,16,162
LIT,32.880495,-117.23385,M,13,41
EBU2,32.881243,-117.233615,Th,13,50
BONN,32.875415,-117.240332,F,18,0
HSS,32.878391,-117.241665,Tu,13,362
CENTR,32.877773,-117.237262,Tu,21,141
PETER,32.880013,-117.240351,Th,21,210
ASANT,32.884082,-117.241912,Th,08,30
HSS,32.878391,-117.241665,W,16,369
SME,32.87989,-117.233139,Tu,09,121
PRICE,32.879733,-117.236191,Th,09,394
GH,32.873717,-117.240975,M,13,419
HUBBS,32.867457,-117.253423,M,16,27
SOLIS,32.880931,-117.239798,W,08,220
PETER,32.880013,-117.240351,W,19,74
MCGIL,32.879049,-117.242043,Th,14,41
HSS,32.878391,-117.241665,M,10,197
ECON,32.875323,-117.2355,Th,09,35
CENTR,32.877773,-117.237262,Th,14,1295
YORK,32.874554,-117.240005,W,19,136
PCYNH,32.878422,-117.233767,W,14,294
SSB,32.883965,-117.240439,Th,15,79
APM,32.879039,-117.241028,W,15,115
CSB,32.880547,-117.239444,Th,16,92
CENTR,32.877773,-117.237262,F,18,98
GH,32.873717,-117.240975,W,17,273
MAYER,32.875322,-117.24019,Th,18,0
YORK,32.874554,-117.240005,F,10,233
CMME,32.875561,-117.235448,W,13,20
BONN,32.875415,-117.240332,Tu,14,0
CSB,32.880547,-117.239444,Tu,14,144
OTRSN,32.88662,-117.241109,F,16,0
CSB,32.880547,-117.239444,W,15,212
LIT,32.880495,-117.23385,Th,13,25
SEQUO,32.882173,-117.240561,M,16,75
VAF,32.87918,-117.234138,W,14,30
OTRSN,32.88662,-117.241109,W,12,104
PRICE,32.879733,-117.236191,Tu,12,208
SSB,32.883965,-117.240439,Th,09,49
PCYNH,32.878422,-117.233767,W,08,102
ECON,32.875323,-117.2355,Th,15,9
WFH,32.886956,-117.241839,Tu,09,122
PCYNH,32.878422,-117.233767,M,15,406
PFBH,32.881568,-117.234351,W,13,71
HSS,32.878391,-117.241665,F,13,261
OTRSN,32.88662,-117.241109,Tu,18,97
SPIES,32.869081,-117.251015,M,09,5
SME,32.87989,-117.233139,Th,13,170
PCYNH,32.878422,-117.233767,F,09,356
ASANT,32.884082,-117.241912,Th,14,76
SSB,32.883965,-117.240439,M,11,50
SEQUO,32.882173,-117.240561,W,12,51
PCYNH,32.878422,-117.233767,Tu,09,483
CPMC,32.877962,-117.234429,F,14,22
PETER,32.880013,-117.240351,F,18,74
SPIES,32.869081,-117.251015,Th,11,27
VAUGN,32.865324,-117.252961,Th,13,47
GH,32.873717,-117.240975,Tu,10,340
MNDLR,32.879312,-117.242139,Th,09,0
PETER,32.880013,-117.240351,M,14,541
LFFB,32.876682,-117.236868,W,15,9
SOLIS,32.880931,-117.239798,Tu,16,400
SOLIS,32.880931,-117.239798,Th,21,38
EBU3B,32.881835,-117.233523,W,18,89
ASANT,32.884082,-117.241912,W,17,56
NIERN,32.868487,-117.251196,W,11,8
PFBH,32.881568,-117.234351,F,10,19
LEDDN,32.878867,-117.241695,W,13,213
IGPP,32.868349,-117.252952,M,14,21
PETER,32.880013,-117.240351,Th,17,423
MCGIL,32.879049,-117.242043,W,16,62
TM102,32.881485,-117.23968,F,10,29
BONN,32.875415,-117.240332,W,17,0
PCYNH,32.878422,-117.233767,M,09,336
SEQUO,32.882173,-117.240561,F,11,11
CPMC,32.877962,-117.234429,M,12,47
MCGIL,32.879049,-117.242043,M,10,48
CENTR,32.877773,-117.237262,W,08,950
EBU2,32.881243,-117.233615,F,13,39
EBU3B,32.881835,-117.233523,Tu,19,15
VAF,32.87918,-117.234138,Th,11,24
SOLIS,32.880931,-117.239798,M,17,214
CICC,32.885032,-117.241292,Tu,09,133
WFH,32.886956,-117.241839,W,17,102
EBU1,32.881659,-117.235623,Tu,17,67
NIERN,32.868487,-117.251196,Tu,10,31
HUBBS,32.867457,-117.253423,W,10,78
MCGIL,32.879049,-117.242043,Tu,17,26
TM102,32.881485,-117.23968,M,15,20
CPMC,32.877962,-117.234429,Tu,19,22
SPIES,32.869081,-117.251015,W,14,2
ECKRT,32.86716,-117.252589,Tu,12,65
YORK,32.874554,-117.240005,M,18,185
PETER,32.880013,-117.240351,W,10,564
PCYNH,32.878422,-117.233767,Th,16,556
ECON,32.875323,-117.2355,M,12,13
CENTR,32.877773,-117.237262,W,14,1158
WLH,32.880558,-117.234319,M,09,682
WLH,32.880558,-117.234319,Tu,17,948
IGPP,32.868349,-117.252952,Tu,10,5
SPIES,32.869081,-117.251015,W,09,5
EBU1,32.881659,-117.235623,Th,10,23
EBU2,32.881243,-117.233615,W,19,29
SME,32.87989,-117.233139,F,12,59
MCC,32.88156,-117.24028,W,10,55
LEDDN,32.878867,-117.241695,Th,16,131
EBU3B,32.881835,-117.233523,M,16,30
SSB,32.883965,-117.240439,W,10,63
CSB,32.880547,-117.239444,F,14,177
RBC,32.884341,-117.240977,Tu,15,142
LFFB,32.876682,-117.236868,Tu,18,7
SOLIS,32.880931,-117.239798,Tu,14,370
NSB,32.875274,-117.242808,F,15,32
WLH,32.880558,-117.234319,F,16,849
GH,32.873717,-117.240975,F,11,372
LIT,32.880495,-117.23385,F,14,14
CENTR,32.877773,-117.237262,M,19,955
SSB,32.883965,-117.240439,W,09,56
APM,32.879039,-117.241028,Tu,14,236
ECON,32.875323,-117.2355,W,15,20
SSB,32.883965,-117.240439,W,12,53
MCC,32.88156,-117.24028,F,13,10
PACIF,32.87603,-117.242393,W,16,30
OTRSN,32.88662,-117.241109,Tu,11,87
GH,32.873717,-117.240975,Th,21,5
EBU3B,32.881835,-117.233523,Th,17,21
TM102,32.881485,-117.23968,Th,10,32
ECKRT,32.86716,-117.252589,F,14,30
OTRSN,32.88662,-117.241109,W,09,117
ECON,32.875323,-117.2355,Tu,12,6
HUBBS,32.867457,-117.253423,Th,14,26
GH,32.873717,-117.240975,Th,13,179
EBU3B,32.881835,-117.233523,F,14,20
MANDE,32.877866,-117.239432,Tu,15,283
MAYER,32.875322,-117.24019,F,13,0
YORK,32.874554,-117.240005,Tu,18,310
ERCA,32.886146,-117.242029,Tu,09,6
SEQUO,32.882173,-117.240561,Tu,15,82
NSB,32.875274,-117.242808,Th,18,7
PETER,32.880013,-117.240351,F,11,746
SME,32.87989,-117.233139,W,11,123
UREY,32.875569,-117.241055,F,15,12
MCC,32.88156,-117.24028,W,09,55
ASANT,32.884082,-117.241912,F,14,45
MAYER,32.875322,-117.24019,M,11,0
NIERN,32.868487,-117.251196,W,18,40
MAYER,32.875322,-117.24019,W,14,22
GH,32.873717,-117.240975,Th,11,352
MET,32.875344,-117.234821,Th,13,10
MYR-A,32.875268,-117.240194,M,10,10
NSB,32.875274,-117.242808,Tu,11,76
RBC,32.884341,-117.240977,F,11,62
MCC,32.88156,-117.24028,W,15,80
MANDE,32.877866,-117.239432,M,08,14
YORK,32.874554,-117.240005,Th,11,537
MYR-A,32.875268,-117.240194,Tu,13,61
YORK,32.874554,-117.240005,Th,08,340
MANDE,32.877866,-117.239432,M,13,384
HSS,32.878391,-117.241665,W,20,83
SEQUO,32.882173,-117.240561,F,18,0
CENTR,32.877773,-117.237262,Th,08,621
APM,32.879039,-117.241028,Th,13,198
EBU2,32.881243,-117.233615,M,14,65
VAF,32.87918,-117.234138,Tu,09,24
SOLIS,32.880931,-117.239798,W,14,425
SME,32.87989,-117.233139,Tu,15,27
MCC,32.88156,-117.24028,Th,15,10
EBU3B,32.881835,-117.233523,Tu,10,68
MNDLR,32.879312,-117.242139,Tu,13,5
LEDDN,32.878867,-117.241695,W,16,190
SOLIS,32.880931,-117.239798,Tu,21,33
WLH,32.880558,-117.234319,Th,13,590
SEQUO,32.882173,-117.240561,M,12,54
CPMC,32.877962,-117.234429,W,10,91
WLH,32.880558,-117.234319,M,11,880
LIT,32.880495,-117.23385,Tu,14,61
CMME,32.875561,-117.235448,Tu,08,21
PETER,32.880013,-117.240351,Tu,15,694
MYR-A,32.875268,-117.240194,W,13,32
CPMC,32.877962,-117.234429,M,09,28
SEQUO,32.882173,-117.240561,Th,16,65
SERF,32.879664,-117.235105,F,12,3
WLH,32.880558,-117.234319,W,17,663
TMCA,32.881417,-117.241052,Th,16,5
YORK,32.874554,-117.240005,M,17,215
WFH,32.886956,-117.241839,M,13,60
PCYNH,32.878422,-117.233767,Tu,15,610
BONN,32.875415,-117.240332,Th,12,0
SME,32.87989,-117.233139,M,17,41
SME,32.87989,-117.233139,W,18,31
PCYNH,32.878422,-117.233767,F,15,525
NSB,32.875274,-117.242808,M,11,39
EBU2,32.881243,-117.233615,W,12,98
SSB,32.883965,-117.240439,Tu,19,14
MCC,32.88156,-117.24028,M,16,42
ASANT,32.884082,-117.241912,M,16,62
LEDDN,32.878867,-117.241695,M,09,151
RBC,32.884341,-117.240977,M,19,34
ECKRT,32.86716,-117.252589,M,10,0
APM,32.879039,-117.241028,M,14,99
OTRSN,32.88662,-117.241109,M,11,78
CENTR,32.877773,-117.237262,Tu,12,1525
SOLIS,32.880931,-117.239798,M,19,112
CPMC,32.877962,-117.234429,Th,14,42
TM102,32.881485,-117.23968,Tu,16,34
EBU2,32.881243,-117.233615,Th,16,101
HSS,32.878391,-117.241665,Tu,16,333
MANDE,32.877866,-117.239432,Th,17,136
OTRSN,32.88662,-117.241109,M,09,117
WLH,32.880558,-117.234319,F,13,527
OTRSN,32.88662,-117.241109,W,11,78
APM,32.879039,-117.241028,W,20,71
VAUGN,32.865324,-117.252961,Tu,14,34
CENTR,32.877773,-117.237262,M,10,1429
SOLIS,32.880931,-117.239798,Th,17,374
HSS,32.878391,-117.241665,M,15,218
HUBBS,32.867457,-117.253423,Tu,17,9
LEDDN,32.878867,-117.241695,W,17,100
YORK,32.874554,-117.240005,W,12,464
SSB,32.883965,-117.240439,W,19,26
SSB,32.883965,-117.240439,Th,12,50
APM,32.879039,-117.241028,W,12,59
MANDE,32.877866,-117.239432,Tu,13,314
BIO,32.876028,-117.242219,Th,13,10
CENTR,32.877773,-117.237262,F,17,328
EBU3B,32.881835,-117.233523,Th,18,100
APM,32.879039,-117.241028,W,09,58
TMCA,32.881417,-117.241052,Tu,15,5
EBU2,32.881243,-117.233615,Tu,15,142
YORK,32.874554,-117.240005,Tu,11,571
YORK,32.874554,-117.240005,F,17,157
NSB,32.875274,-117.242808,Th,11,76
MET,32.875344,-117.234821,Tu,10,0
LEDDN,32.878867,-117.241695,F,12,216
LIT,32.880495,-117.23385,Th,16,40
MYR-A,32.875268,-117.240194,Th,12,73
MET,32.875344,-117.234821,W,16,15
VAF,32.87918,-117.234138,Tu,11,24
APM,32.879039,-117.241028,F,09,58
PRICE,32.879733,-117.236191,Th,12,208
PRICE,32.879733,-117.236191,F,12,475
SEQUO,32.882173,-117.240561,F,08,0
YORK,32.874554,-117.240005,Th,18,127
IGPP,32.868349,-117.252952,Th,14,21
PFBH,32.881568,-117.234351,Tu,12,23
WFH,32.886956,-117.241839,F,09,0
MANDE,32.877866,-117.239432,M,18,202
MCGIL,32.879049,-117.242043,F,11,90
CICC,32.885032,-117.241292,Th,10,133
ASANT,32.884082,-117.241912,Th,13,44
OTRSN,32.88662,-117.241109,W,18,85
OAR,32.8697,-117.250649,F,12,5
SERF,32.879664,-117.235105,W,10,22
TMCA,32.881417,-117.241052,W,13,10
VAUGN,32.865324,-117.252961,Th,16,32
LIT,32.880495,-117.23385,W,12,45
VAUGN,32.865324,-117.252961,Tu,12,69
EBU3B,32.881835,-117.233523,W,13,74
ASANT,32.884082,-117.241912,W,12,42
UREY,32.875569,-117.241055,Th,14,0
TM102,32.881485,-117.23968,W,17,18
SOLIS,32.880931,-117.239798,F,08,202
SSB,32.883965,-117.240439,M,08,17
ASANT,32.884082,-117.241912,Tu,16,86
MANDE,32.877866,-117.239432,W,17,201
BONN,32.875415,-117.240332,W,10,0
RBC,32.884341,-117.240977,W,17,16
PFBH,32.881568,-117.234351,M,13,55
ECON,32.875323,-117.2355,W,09,33
MCGIL,32.879049,-117.242043,M,15,44
WFH,32.886956,-117.241839,M,12,192
APM,32.879039,-117.241028,F,17,26
MAYER,32.875322,-117.24019,Tu,16,0
SSB,32.883965,-117.240439,Tu,12,61
BRF2,32.87448,-117.234951,M,12,7
BONN,32.875415,-117.240332,Tu,09,0
ECON,32.875323,-117.2355,W,10,30
CMME,32.875561,-117.235448,Tu,10,0
CSB,32.880547,-117.239444,M,16,122
RBC,32.884341,-117.240977,Th,15,142
CSB,32.880547,-117.239444,Tu,17,197
SOLIS,32.880931,-117.239798,M,10,406
LIT,32.880495,-117.23385,M,17,14
EBU1,32.881659,-117.235623,Tu,12,0
HUBBS,32.867457,-117.253423,W,15,27
RBC,32.884341,-117.240977,Tu,12,256
VAUGN,32.865324,-117.252961,M,12,8
MNDLR,32.879312,-117.242139,M,14,3
HSS,32.878391,-117.241665,W,12,434
NSB,32.875274,-117.242808,Th,09,80
GH,32.873717,-117.240975,M,17,293
PETER,32.880013,-117.240351,W,15,396
LIT,32.880495,-117.23385,F,11,61
PCYNH,32.878422,-117.233767,Th,13,434
PACIF,32.87603,-117.242393,F,11,15
MCGIL,32.879049,-117.242043,Th,10,0
WLH,32.880558,-117.234319,M,19,569
ECON,32.875323,-117.2355,M,17,20
CENTR,32.877773,-117.237262,Th,10,1036
SSB,32.883965,-117.240439,Th,19,11
PETER,32.880013,-117.240351,W,08,612
EBU1,32.881659,-117.235623,Th,15,36
MAYER,32.875322,-117.24019,Th,14,0
PCYNH,32.878422,-117.233767,W,20,80
CENTR,32.877773,-117.237262,M,08,743
OTRSN,32.88662,-117.241109,F,12,0
WFH,32.886956,-117.241839,Th,15,313
PETER,32.880013,-117.240351,F,09,424
RBC,32.884341,-117.240977,W,20,27
HUBBS,32.867457,-117.253423,Th,13,26
SPIES,32.869081,-117.251015,Tu,14,5
VAF,32.87918,-117.234138,Tu,18,27
ERCA,32.886146,-117.242029,W,13,29
WFH,32.886956,-117.241839,Tu,10,122
ECON,32.875323,-117.2355,Th,11,4
PCYNH,32.878422,-117.233767,M,19,187
PFBH,32.881568,-117.234351,W,17,49
SERF,32.879664,-117.235105,M,16,3
WLH,32.880558,-117.234319,W,21,70
BONN,32.875415,-117.240332,W,09,0
MNDLR,32.879312,-117.242139,M,15,3
SSB,32.883965,-117.240439,M,15,62
SOLIS,32.880931,-117.239798,F,13,215
MAYER,32.875322,-117.24019,F,16,0
SEQUO,32.882173,-117.240561,W,16,0
CPMC,32.877962,-117.234429,F,10,56
PETER,32.880013,-117.240351,F,14,509
SPIES,32.869081,-117.251015,Th,15,5
GH,32.873717,-117.240975,Tu,08,307
LEDDN,32.878867,-117.241695,M,14,171
PETER,32.880013,-117.240351,M,10,481
ERCA,32.886146,-117.242029,M,17,30
PFBH,32.881568,-117.234351,F,14,44
MET,32.875344,-117.234821,Th,14,10
MYR-A,32.875268,-117.240194,M,15,23
PETER,32.880013,-117.240351,Th,13,693
MCGIL,32.879049,-117.242043,W,12,60
SPIES,32.869081,-117.251015,W,15,2
IGPP,32.868349,-117.252952,Th,09,5
OTRSN,32.88662,-117.241109,W,21,0
SEQUO,32.882173,-117.240561,F,15,0
CPMC,32.877962,-117.234429,M,16,21
APM,32.879039,-117.241028,Th,18,207
SOLIS,32.880931,-117.239798,W,11,156
MCC,32.88156,-117.24028,Th,10,15
VAF,32.87918,-117.234138,Th,15,35
NSB,32.875274,-117.242808,Tu,09,80
PETER,32.880013,-117.240351,Tu,20,128
WFH,32.886956,-117.241839,Th,20,64
WLH,32.880558,-117.234319,Th,16,759
WFH,32.886956,-117.241839,W,13,60
PFBH,32.881568,-117.234351,Th,14,38
CSB,32.880547,-117.239444,Tu,12,248
MCGIL,32.879049,-117.242043,Tu,13,19
LIT,32.880495,-117.23385,Tu,11,39
PETER,32.880013,-117.240351,Tu,10,433
MYR-A,32.875268,-117.240194,W,18,44
WFH,32.886956,-117.241839,M,20,117
DANCE,32.871733,-117.24019,Tu,17,37
SEQUO,32.882173,-117.240561,Th,11,71
CPMC,32.877962,-117.234429,Tu,18,42
CENTR,32.877773,-117.237262,F,08,740
LEDDN,32.878867,-117.241695,F,16,190
RBC,32.884341,-117.240977,W,19,27
YORK,32.874554,-117.240005,W,09,175
RBC,32.884341,-117.240977,Tu,19,92
CENTR,32.877773,-117.237262,W,10,1418
HSS,32.878391,-117.241665,M,08,53
SME,32.87989,-117.233139,M,12,119
NIERN,32.868487,-117.251196,Th,14,5
PCYNH,32.878422,-117.233767,F,10,525
EBU1,32.881659,-117.235623,Tu,15,36
EBU2,32.881243,-117.233615,W,15,181
MCC,32.88156,-117.24028,W,14,45
HSS,32.878391,-117.241665,F,08,61
HUBBS,32.867457,-117.253423,W,16,27
LEDDN,32.878867,-117.241695,Th,12,201
APM,32.879039,-117.241028,M,11,56
OTRSN,32.88662,-117.241109,M,08,46
CPMC,32.877962,-117.234429,Th,11,47
EBU2,32.881243,-117.233615,Th,19,15
CSB,32.880547,-117.239444,F,18,43
HSS,32.878391,-117.241665,M,20,43
WLH,32.880558,-117.234319,F,18,275
SOLIS,32.880931,-117.239798,Tu,10,432
OTRSN,32.88662,-117.241109,W,16,136
HSS,32.878391,-117.241665,Th,16,356
GH,32.873717,-117.240975,M,19,273
CENTR,32.877773,-117.237262,M,15,844
BSB,32.875597,-117.236066,Th,09,65
APM,32.879039,-117.241028,Tu,10,202
NSB,32.875274,-117.242808,W,15,5
APM,32.879039,-117.241028,Tu,09,196
SSB,32.883965,-117.240439,W,16,49
MCC,32.88156,-117.24028,F,17,8
OTRSN,32.88662,-117.241109,Tu,15,136
EBU1,32.881659,-117.235623,Tu,14,36
CENTR,32.877773,-117.237262,F,12,1212
HSS,32.878391,-117.241665,Th,09,343
TM102,32.881485,-117.23968,Th,14,33
ECON,32.875323,-117.2355,Tu,16,9
GH,32.873717,-117.240975,Th,17,156
EBU3B,32.881835,-117.233523,Th,08,15
CSB,32.880547,-117.239444,Tu,20,74
CSB,32.880547,-117.239444,F,09,198
EBU2,32.881243,-117.233615,Tu,12,148
SSB,32.883965,-117.240439,Tu,20,17
SEQUO,32.882173,-117.240561,Tu,11,68
NSB,32.875274,-117.242808,Th,14,19
RBC,32.884341,-117.240977,M,20,34
LIT,32.880495,-117.23385,Th,19,18
OTRSN,32.88662,-117.241109,Th,11,87
ASANT,32.884082,-117.241912,F,10,44
BONN,32.875415,-117.240332,F,09,0
LEDDN,32.878867,-117.241695,Tu,10,192
ECKRT,32.86716,-117.252589,Th,09,48
VAF,32.87918,-117.234138,Tu,16,27
MAYER,32.875322,-117.24019,W,10,0
WLH,32.880558,-117.234319,Tu,20,140
PCYNH,32.878422,-117.233767,Th,09,483
YORK,32.874554,-117.240005,Th,15,342
EBU2,32.881243,-117.233615,W,20,29
MYR-A,32.875268,-117.240194,Tu,17,63
MNDLR,32.879312,-117.242139,M,13,3
HSS,32.878391,-117.241665,M,16,185
SOLIS,32.880931,-117.239798,Tu,12,470
CENTR,32.877773,-117.237262,Th,20,130
MCGIL,32.879049,-117.242043,Tu,08,0
APM,32.879039,-117.241028,Th,17,192
EBU2,32.881243,-117.233615,M,18,28
UREY,32.875569,-117.241055,Tu,16,0
SOLIS,32.880931,-117.239798,W,18,369
SME,32.87989,-117.233139,Tu,11,161
EBU3B,32.881835,-117.233523,Tu,14,121
ECON,32.875323,-117.2355,M,10,30
BONN,32.875415,-117.240332,Tu,13,0
SEQUO,32.882173,-117.240561,Tu,08,21
EBU3B,32.881835,-117.233523,W,16,127
WFH,32.886956,-117.241839,W,18,102
CPMC,32.877962,-117.234429,W,14,52
MYR-A,32.875268,-117.240194,Tu,18,63
LIT,32.880495,-117.23385,Tu,18,15
ASANT,32.884082,-117.241912,Tu,13,74
PETER,32.880013,-117.240351,Tu,19,647
WLH,32.880558,-117.234319,W,13,612
CPMC,32.877962,-117.234429,Tu,11,39
WFH,32.886956,-117.241839,M,17,107
PCYNH,32.878422,-117.233767,Tu,11,586
RBC,32.884341,-117.240977,W,12,249
PFBH,32.881568,-117.234351,M,16,35
WLH,32.880558,-117.234319,Tu,11,970
IGPP,32.868349,-117.252952,M,09,5
BONN,32.875415,-117.240332,Th,16,0
APM,32.879039,-117.241028,F,12,29
MAYER,32.875322,-117.24019,Tu,11,46
NSB,32.875274,-117.242808,M,15,49
SSB,32.883965,-117.240439,Tu,15,90
MET,32.875344,-117.234821,F,09,6
MCC,32.88156,-117.24028,M,12,26
SOLIS,32.880931,-117.239798,Tu,09,430
SME,32.87989,-117.233139,W,16,91
RBC,32.884341,-117.240977,M,15,60
APM,32.879039,-117.241028,M,18,102
CMME,32.875561,-117.235448,Tu,15,19
CSB,32.880547,-117.239444,Th,09,276
CSB,32.880547,-117.239444,M,13,291
RBC,32.884341,-117.240977,Th,10,142
CSB,32.880547,-117.239444,W,17,142
CPMC,32.877962,-117.234429,Th,18,15
LIT,32.880495,-117.23385,M,12,45
EBU2,32.881243,-117.233615,Th,12,146
HSS,32.878391,-117.241665,Tu,12,373
SOLIS,32.880931,-117.239798,Tu,13,345
APM,32.879039,-117.241028,M,20,36
ASANT,32.884082,-117.241912,Th,09,59
HSS,32.878391,-117.241665,W,17,312
MCGIL,32.879049,-117.242043,M,09,51
GH,32.873717,-117.240975,M,10,258
SPIES,32.869081,-117.251015,W,16,40
PCYNH,32.878422,-117.233767,Th,18,416
MCGIL,32.879049,-117.242043,Th,15,23
WLH,32.880558,-117.234319,M,14,457
HUBBS,32.867457,-117.253423,Tu,13,26
CENTR,32.877773,-117.237262,Th,15,1498
GH,32.873717,-117.240975,F,22,5
PCYNH,32.878422,-117.233767,W,15,483
SSB,32.883965,-117.240439,Th,16,69
APM,32.879039,-117.241028,W,16,48
CSB,32.880547,-117.239444,Th,17,197
GH,32.873717,-117.240975,W,10,258
PACIF,32.87603,-117.242393,Tu,14,9
WFH,32.886956,-117.241839,Tu,18,188
YORK,32.874554,-117.240005,Tu,15,342
YORK,32.874554,-117.240005,F,13,544
OTRSN,32.88662,-117.241109,F,15,0
MNDLR,32.879312,-117.242139,Th,12,31
LIT,32.880495,-117.23385,Th,12,50
OTRSN,32.88662,-117.241109,Th,18,86
VAF,32.87918,-117.234138,W,13,30
ERCA,32.886146,-117.242029,Tu,14,13
PRICE,32.879733,-117.236191,Tu,13,208
SSB,32.883965,-117.240439,Th,08,17
PRICE,32.879733,-117.236191,W,11,475
WFH,32.886956,-117.241839,Tu,08,110
PCYNH,32.878422,-117.233767,M,12,246
PFBH,32.881568,-117.234351,W,12,73
HSS,32.878391,-117.241665,F,12,365
IGPP,32.868349,-117.252952,Th,10,5
EBU1,32.881659,-117.235623,W,15,26
SME,32.87989,-117.233139,Th,12,166
WFH,32.886956,-117.241839,Th,11,134
MCGIL,32.879049,-117.242043,F,15,44
ASANT,32.884082,-117.241912,Th,17,25
CSB,32.880547,-117.239444,Th,18,279
BONN,32.875415,-117.240332,Th,09,0
SEQUO,32.882173,-117.240561,W,11,14
LIT,32.880495,-117.23385,W,16,28
MANDE,32.877866,-117.239432,Th,08,117
CSB,32.880547,-117.239444,Tu,18,279
VAUGN,32.865324,-117.252961,Th,12,69
GH,32.873717,-117.240975,Tu,17,170
LEDDN,32.878867,-117.241695,M,13,213
PETER,32.880013,-117.240351,M,15,383
SOLIS,32.880931,-117.239798,Th,20,340
CPMC,32.877962,-117.234429,F,09,53
ASANT,32.884082,-117.241912,W,16,63
PFBH,32.881568,-117.234351,F,11,19
LEDDN,32.878867,-117.241695,W,12,216
PETER,32.880013,-117.240351,Th,18,523
EBU2,32.881243,-117.233615,Th,10,86
MCGIL,32.879049,-117.242043,W,17,32
MANDE,32.877866,-117.239432,W,13,333
MET,32.875344,-117.234821,Tu,13,10
LEDDN,32.878867,-117.241695,F,13,213
SEQUO,32.882173,-117.240561,F,12,19
MCGIL,32.879049,-117.242043,M,11,75
EBU2,32.881243,-117.233615,F,14,83
NIERN,32.868487,-117.251196,Tu,11,0
VAF,32.87918,-117.234138,Th,10,24
WLH,32.880558,-117.234319,Th,19,158
MANDE,32.877866,-117.239432,Th,13,351
SOLIS,32.880931,-117.239798,M,14,424
CICC,32.885032,-117.241292,Tu,12,199
WFH,32.886956,-117.241839,W,16,56
BONN,32.875415,-117.240332,F,10,0
NIERN,32.868487,-117.251196,Tu,13,5
HUBBS,32.867457,-117.253423,W,11,8
MCGIL,32.879049,-117.242043,Tu,16,49
MANDE,32.877866,-117.239432,F,10,147
VAUGN,32.865324,-117.252961,M,16,32
TM102,32.881485,-117.23968,M,16,13
ECKRT,32.86716,-117.252589,Tu,13,51
YORK,32.874554,-117.240005,M,19,47
PETER,32.880013,-117.240351,W,11,738
PCYNH,32.878422,-117.233767,Th,17,463
HSS,32.878391,-117.241665,M,18,285
ECON,32.875323,-117.2355,M,13,13
MNDLR,32.879312,-117.242139,W,15,3
CENTR,32.877773,-117.237262,W,15,968
WLH,32.880558,-117.234319,Tu,10,733
EBU1,32.881659,-117.235623,Th,11,0
EBU2,32.881243,-117.233615,W,18,28
SME,32.87989,-117.233139,F,13,62
LEDDN,32.878867,-117.241695,Th,15,216
MAYER,32.875322,-117.24019,Th,10,4
CSB,32.880547,-117.239444,Th,20,30
EBU3B,32.881835,-117.233523,M,11,278
EBU2,32.881243,-117.233615,M,20,29
CSB,32.880547,-117.239444,F,13,48
MYR-A,32.875268,-117.240194,Th,18,42
SPIES,32.869081,-117.251015,W,10,5
MNDLR,32.879312,-117.242139,W,16,3
VAF,32.87918,-117.234138,M,15,15
GH,32.873717,-117.240975,F,10,266
SSB,32.883965,-117.240439,W,08,17
ECON,32.875323,-117.2355,W,16,40
SSB,32.883965,-117.240439,W,13,48
RBC,32.884341,-117.240977,W,08,44
PACIF,32.87603,-117.242393,W,15,30
OTRSN,32.88662,-117.241109,Tu,10,119
GH,32.873717,-117.240975,Th,20,5
ECKRT,32.86716,-117.252589,Th,10,48
EBU3B,32.881835,-117.233523,Th,16,98
TM102,32.881485,-117.23968,Th,11,38
HUBBS,32.867457,-117.253423,Th,12,9
WLH,32.880558,-117.234319,M,16,1041
OTRSN,32.88662,-117.241109,W,08,46
ECON,32.875323,-117.2355,Tu,11,6
HUBBS,32.867457,-117.253423,Th,15,26
EBU3B,32.881835,-117.233523,F,15,20
MAYER,32.875322,-117.24019,F,12,0
SOLIS,32.880931,-117.239798,M,21,71
VAF,32.87918,-117.234138,W,09,24
SEQUO,32.882173,-117.240561,Tu,16,77
PETER,32.880013,-117.240351,F,10,512
PRICE,32.879733,-117.236191,M,10,144
GH,32.873717,-117.240975,F,20,5
OTRSN,32.88662,-117.241109,Th,16,116
ASANT,32.884082,-117.241912,F,15,43
EBU3B,32.881835,-117.233523,F,09,20
NIERN,32.868487,-117.251196,W,19,40
SME,32.87989,-117.233139,M,08,38
MAYER,32.875322,-117.24019,W,15,22
MYR-A,32.875268,-117.240194,M,11,32
NSB,32.875274,-117.242808,Tu,16,14
RBC,32.884341,-117.240977,F,12,42
WLH,32.880558,-117.234319,M,08,488
MANDE,32.877866,-117.239432,M,09,262
MYR-A,32.875268,-117.240194,Tu,12,75
MANDE,32.877866,-117.239432,M,12,95
WLH,32.880558,-117.234319,W,08,525
RBC,32.884341,-117.240977,Tu,09,148
CSB,32.880547,-117.239444,Th,11,248
EBU2,32.881243,-117.233615,M,17,39
SOLIS,32.880931,-117.239798,W,15,287
MCC,32.88156,-117.24028,Th,14,10
EBU3B,32.881835,-117.233523,Tu,11,84
SME,32.87989,-117.233139,W,15,80
MNDLR,32.879312,-117.242139,Tu,14,5
WLH,32.880558,-117.234319,Th,12,1018
SEQUO,32.882173,-117.240561,M,15,34
CPMC,32.877962,-117.234429,W,11,129
CSB,32.880547,-117.239444,M,09,250
MANDE,32.877866,-117.239432,Th,15,295
LIT,32.880495,-117.23385,Tu,15,61
PETER,32.880013,-117.240351,Tu,14,541
MYR-A,32.875268,-117.240194,W,14,36
MCC,32.88156,-117.24028,Tu,10,7
SEQUO,32.882173,-117.240561,Th,15,82
WLH,32.880558,-117.234319,W,16,981
EBU1,32.881659,-117.235623,M,10,36
YORK,32.874554,-117.240005,M,10,121
PACIF,32.87603,-117.242393,Th,16,4
PCYNH,32.878422,-117.233767,Tu,14,409
EBU3B,32.881835,-117.233523,F,16,20
GH,32.873717,-117.240975,Th,18,277
CMME,32.875561,-117.235448,F,11,0
BONN,32.875415,-117.240332,Th,13,0
LEDDN,32.878867,-117.241695,W,08,103
SME,32.87989,-117.233139,M,16,76
NIERN,32.868487,-117.251196,Th,10,31
PCYNH,32.878422,-117.233767,F,14,278
NSB,32.875274,-117.242808,M,10,7
EBU1,32.881659,-117.235623,Th,18,91
EBU2,32.881243,-117.233615,W,11,161
SSB,32.883965,-117.240439,Tu,18,22
ASANT,32.884082,-117.241912,M,15,32
RBC,32.884341,-117.240977,M,18,69
APM,32.879039,-117.241028,M,15,88
OTRSN,32.88662,-117.241109,M,16,157
CENTR,32.877773,-117.237262,Tu,15,1512
CPMC,32.877962,-117.234429,Th,15,33
TM102,32.881485,-117.23968,Tu,11,38
EBU2,32.881243,-117.233615,Th,15,160
EBU1,32.881659,-117.235623,Tu,18,67
HSS,32.878391,-117.241665,Tu,19,213
WLH,32.880558,-117.234319,M,21,473
WLH,32.880558,-117.234319,F,14,373
HSS,32.878391,-117.241665,W,18,309
HSS,32.878391,-117.241665,Th,12,405
GH,32.873717,-117.240975,F,19,5
VAUGN,32.865324,-117.252961,Tu,15,36
CENTR,32.877773,-117.237262,M,11,1349
SOLIS,32.880931,-117.239798,Th,10,405
WLH,32.880558,-117.234319,M,13,703
HUBBS,32.867457,-117.253423,Tu,16,35
NSB,32.875274,-117.242808,W,11,0
YORK,32.874554,-117.240005,W,13,593
PCYNH,32.878422,-117.233767,W,12,439
SSB,32.883965,-117.240439,Th,13,72
APM,32.879039,-117.241028,Tu,20,173
APM,32.879039,-117.241028,W,13,103
CENTR,32.877773,-117.237262,F,16,924
MANDE,32.877866,-117.239432,Tu,09,268
APM,32.879039,-117.241028,W,08,23
MNDLR,32.879312,-117.242139,Tu,18,11
EBU2,32.881243,-117.233615,Tu,16,101
ECKRT,32.86716,-117.252589,Th,13,51
YORK,32.874554,-117.240005,Tu,10,469
YORK,32.874554,-117.240005,F,16,399
BONN,32.875415,-117.240332,Tu,17,0
NSB,32.875274,-117.242808,Th,10,80
LEDDN,32.878867,-117.241695,F,09,151
MET,32.875344,-117.234821,Tu,09,0
LIT,32.880495,-117.23385,Th,15,51
LEDDN,32.878867,-117.241695,Tu,14,216
CSB,32.880547,-117.239444,W,09,194
VAF,32.87918,-117.234138,Tu,12,32
SME,32.87989,-117.233139,M,07,12
GH,32.873717,-117.240975,Th,09,378
SSB,32.883965,-117.240439,F,13,10
YORK,32.874554,-117.240005,Th,19,270
YORK,32.874554,-117.240005,M,07,12
PFBH,32.881568,-117.234351,Tu,13,19
LEDDN,32.878867,-117.241695,F,10,240
MCGIL,32.879049,-117.242043,F,10,73
CICC,32.885032,-117.241292,Th,13,182
ASANT,32.884082,-117.241912,Th,12,44
GH,32.873717,-117.240975,Tu,22,5
BSB,32.875597,-117.236066,Th,17,16
RBC,32.884341,-117.240977,Th,18,283
LIT,32.880495,-117.23385,W,11,55
ASANT,32.884082,-117.241912,Tu,09,58
SOLIS,32.880931,-117.239798,Tu,15,402
EBU3B,32.881835,-117.233523,W,12,67
CPMC,32.877962,-117.234429,W,18,2
SOLIS,32.880931,-117.239798,F,09,324
LEDDN,32.878867,-117.241695,W,15,240
RVCOM,32.874702,-117.241985,Tu,15,20
ASANT,32.884082,-117.241912,Tu,17,54
ECKRT,32.86716,-117.252589,M,09,0
VAF,32.87918,-117.234138,F,10,24
MANDE,32.877866,-117.239432,W,16,194
CPMC,32.877962,-117.234429,Tu,15,33
BONN,32.875415,-117.240332,W,11,0
RBC,32.884341,-117.240977,W,16,69
IGPP,32.868349,-117.252952,W,11,7
PFBH,32.881568,-117.234351,M,12,178
CPMC,32.877962,-117.234429,M,18,11
MCGIL,32.879049,-117.242043,M,16,70
APM,32.879039,-117.241028,F,16,37
MAYER,32.875322,-117.24019,Tu,15,0
SSB,32.883965,-117.240439,Tu,11,60
CMME,32.875561,-117.235448,F,12,0
RBC,32.884341,-117.240977,M,11,155
TMCA,32.881417,-117.241052,Th,17,27
CMME,32.875561,-117.235448,Tu,11,0
NSB,32.875274,-117.242808,M,09,0
LFFB,32.876682,-117.236868,Th,14,0
RBC,32.884341,-117.240977,Th,14,69
MANDE,32.877866,-117.239432,Th,16,130
SOLIS,32.880931,-117.239798,M,11,198
LIT,32.880495,-117.23385,M,16,22
BONN,32.875415,-117.240332,F,17,0
NIERN,32.868487,-117.251196,Tu,16,0
MANDE,32.877866,-117.239432,F,15,62
VAUGN,32.865324,-117.252961,M,11,8
TM102,32.881485,-117.23968,M,13,24
HSS,32.878391,-117.241665,W,13,333
VAUGN,32.865324,-117.252961,Tu,13,47
GH,32.873717,-117.240975,M,14,192
HUBBS,32.867457,-117.253423,M,13,26
PETER,32.880013,-117.240351,W,16,514
RBC,32.884341,-117.240977,Th,19,240
MCGIL,32.879049,-117.242043,Th,11,37
WLH,32.880558,-117.234319,M,18,753
ECON,32.875323,-117.2355,M,14,22
CENTR,32.877773,-117.237262,Th,11,1432
SME,32.87989,-117.233139,M,18,15
EBU2,32.881243,-117.233615,M,08,32
EBU1,32.881659,-117.235623,Th,16,10
ECKRT,32.86716,-117.252589,Tu,09,48
WLH,32.880558,-117.234319,M,15,841
MAYER,32.875322,-117.24019,Th,15,0
MCC,32.88156,-117.24028,F,09,10
SSB,32.883965,-117.240439,W,11,47
ECKRT,32.86716,-117.252589,W,12,24
OTRSN,32.88662,-117.241109,F,11,0
RBC,32.884341,-117.240977,Tu,16,73
LFFB,32.876682,-117.236868,Tu,09,1
TM102,32.881485,-117.23968,Th,19,32
WFH,32.886956,-117.241839,Th,14,313
RBC,32.884341,-117.240977,W,21,27
VAF,32.87918,-117.234138,W,17,13
ERCA,32.886146,-117.242029,Tu,10,6
LIT,32.880495,-117.23385,F,15,12
ERCA,32.886146,-117.242029,W,10,20
APM,32.879039,-117.241028,Th,09,185
ECON,32.875323,-117.2355,Th,12,4
PCYNH,32.878422,-117.233767,M,16,369
PFBH,32.881568,-117.234351,W,16,32
HSS,32.878391,-117.241665,F,16,107
WFH,32.886956,-117.241839,Tu,21,112
HSS,32.878391,-117.241665,W,09,314
VAF,32.87918,-117.234138,F,09,24
SSB,32.883965,-117.240439,M,12,104
SOLIS,32.880931,-117.239798,F,12,491
MAYER,32.875322,-117.24019,F,15,0
SEQUO,32.882173,-117.240561,W,15,50
TM102,32.881485,-117.23968,Tu,08,29
MAYER,32.875322,-117.24019,M,12,7
PETER,32.880013,-117.240351,Th,08,334
SME,32.87989,-117.233139,W,10,22
GH,32.873717,-117.240975,Tu,13,181
GH,32.873717,-117.240975,Tu,09,378
LEDDN,32.878867,-117.241695,M,17,100
PETER,32.880013,-117.240351,M,11,669
YORK,32.874554,-117.240005,F,08,245
NIERN,32.868487,-117.251196,W,12,8
WFH,32.886956,-117.241839,Tu,14,313
PETER,32.880013,-117.240351,Th,14,541
MCGIL,32.879049,-117.242043,W,13,47
OTRSN,32.88662,-117.241109,Th,08,133
YORK,32.874554,-117.240005,M,09,178
OTRSN,32.88662,-117.241109,W,20,0
BONN,32.875415,-117.240332,W,18,0
UREY,32.875569,-117.241055,Th,17,0
SEQUO,32.882173,-117.240561,F,16,0
CPMC,32.877962,-117.234429,M,17,11
TM102,32.881485,-117.23968,Th,18,34
SERF,32.879664,-117.235105,W,14,0
APM,32.879039,-117.241028,Th,19,262
EBU2,32.881243,-117.233615,M,12,68
SOLIS,32.880931,-117.239798,W,12,467
EBU2,32.881243,-117.233615,F,10,73
VAF,32.87918,-117.234138,Th,14,35
SSRB,32.880687,-117.240153,Tu,18,12
WFH,32.886956,-117.241839,Th,21,64
WLH,32.880558,-117.234319,Th,15,856
YORK,32.874554,-117.240005,F,09,328
MCGIL,32.879049,-117.242043,Tu,12,49
LIT,32.880495,-117.23385,Tu,12,73
MYR-A,32.875268,-117.240194,W,19,40
WFH,32.886956,-117.241839,M,21,117
SEQUO,32.882173,-117.240561,Th,10,87
WLH,32.880558,-117.234319,W,19,369
CSB,32.880547,-117.239444,Tu,09,260
CENTR,32.877773,-117.237262,F,09,1211
RBC,32.884341,-117.240977,W,18,43
VAUGN,32.865324,-117.252961,W,12,8
CSB,32.880547,-117.239444,M,18,192
YORK,32.874554,-117.240005,W,08,304
CENTR,32.877773,-117.237262,Th,18,1045
CENTR,32.877773,-117.237262,W,11,1294
SME,32.87989,-117.233139,M,11,47
NIERN,32.868487,-117.251196,Th,15,0
WLH,32.880558,-117.234319,Tu,14,821
EBU2,32.881243,-117.233615,W,14,145
MANDE,32.877866,-117.239432,F,14,160
MCC,32.88156,-117.24028,W,13,10
HSS,32.878391,-117.241665,F,09,230
MCGIL,32.879049,-117.242043,W,09,57
LEDDN,32.878867,-117.241695,Th,11,193
CSB,32.880547,-117.239444,M,17,255
EBU3B,32.881835,-117.233523,M,15,73
CSB,32.880547,-117.239444,M,19,135
EBU2,32.881243,-117.233615,Th,18,15
CSB,32.880547,-117.239444,Tu,16,92
CSB,32.880547,-117.239444,F,17,45
WLH,32.880558,-117.234319,F,19,200
SOLIS,32.880931,-117.239798,Tu,17,395
OTRSN,32.88662,-117.241109,W,17,85
HSS,32.878391,-117.241665,Th,17,254
SPIES,32.869081,-117.251015,M,18,55
GH,32.873717,-117.240975,F,14,175
CENTR,32.877773,-117.237262,M,16,1054
HUBBS,32.867457,-117.253423,F,14,5
APM,32.879039,-117.241028,Tu,17,231
NSB,32.875274,-117.242808,W,14,5
SSB,32.883965,-117.240439,W,17,43
MCC,32.88156,-117.24028,F,10,17
OTRSN,32.88662,-117.241109,Tu,14,136
APM,32.879039,-117.241028,W,18,129
YORK,32.874554,-117.240005,M,21,10
EBU3B,32.881835,-117.233523,Th,12,129
TM102,32.881485,-117.23968,Th,15,34
ECON,32.875323,-117.2355,Tu,15,9
HUBBS,32.867457,-117.253423,Th,11,9
GH,32.873717,-117.240975,Th,10,340
EBU3B,32.881835,-117.233523,F,11,20
EBU2,32.881243,-117.233615,Tu,13,46
MNDLR,32.879312,-117.242139,F,14,4
EBU3B,32.881835,-117.233523,Th,20,79
SEQUO,32.882173,-117.240561,Tu,12,70
NSB,32.875274,-117.242808,Th,17,7
RBC,32.884341,-117.240977,M,21,34
MET,32.875344,-117.234821,Tu,16,0
PETER,32.880013,-117.240351,M,18,665
LIT,32.880495,-117.23385,Th,18,33
LFFB,32.876682,-117.236868,M,16,9
MYR-A,32.875268,-117.240194,Th,13,59
NIERN,32.868487,-117.251196,Tu,09,31
LEDDN,32.878867,-117.241695,Tu,11,193
IGPP,32.868349,-117.252952,Tu,09,5
HSS,32.878391,-117.241665,Tu,20,33
ASANT,32.884082,-117.241912,W,10,44
VAF,32.87918,-117.234138,Tu,17,27
MAYER,32.875322,-117.24019,W,11,0
NSB,32.875274,-117.242808,Tu,12,76
PCYNH,32.878422,-117.233767,Th,08,76
YORK,32.874554,-117.240005,Th,12,623
MYR-A,32.875268,-117.240194,Tu,16,63
MANDE,32.877866,-117.239432,M,16,182
HSS,32.878391,-117.241665,W,23,0
OTRSN,32.88662,-117.241109,W,19,85
IGPP,32.868349,-117.252952,M,11,7
MCGIL,32.879049,-117.242043,Tu,09,0
APM,32.879039,-117.241028,Th,10,165
SOLIS,32.880931,-117.239798,Th,09,392
BSB,32.875597,-117.236066,Th,12,62
UREY,32.875569,-117.241055,Tu,15,0
SOLIS,32.880931,-117.239798,W,19,313
TM102,32.881485,-117.23968,F,09,28
SME,32.87989,-117.233139,Tu,16,27
WLH,32.880558,-117.234319,Th,08,536
EBU3B,32.881835,-117.233523,Tu,15,124
SSRB,32.880687,-117.240153,Tu,17,12
BONN,32.875415,-117.240332,Tu,12,0
MNDLR,32.879312,-117.242139,Tu,10,18
GH,32.873717,-117.240975,W,22,5
SEQUO,32.882173,-117.240561,M,11,27
HSS,32.878391,-117.241665,Tu,08,229
EBU3B,32.881835,-117.233523,W,15,122
CPMC,32.877962,-117.234429,W,15,52
UREY,32.875569,-117.241055,Th,15,0
TM102,32.881485,-117.23968,W,11,55
ASANT,32.884082,-117.241912,Tu,10,59
PETER,32.880013,-117.240351,Tu,18,641
MYR-A,32.875268,-117.240194,W,10,50
SEQUO,32.882173,-117.240561,Th,19,42
CMME,32.875561,-117.235448,Th,11,0
WLH,32.880558,-117.234319,W,12,912
MANDE,32.877866,-117.239432,W,19,112
CPMC,32.877962,-117.234429,Tu,10,67
YORK,32.874554,-117.240005,M,14,505
WFH,32.886956,-117.241839,M,16,56
PCYNH,32.878422,-117.233767,Tu,10,483
RBC,32.884341,-117.240977,W,11,174
ECON,32.875323,-117.2355,W,08,24
PACIF,32.87603,-117.242393,Th,15,4
BONN,32.875415,-117.240332,Th,17,0
CENTR,32.877773,-117.237262,W,18,1106
PACIF,32.87603,-117.242393,F,12,15
SME,32.87989,-117.233139,W,17,40
ASANT,32.884082,-117.241912,W,09,44
NSB,32.875274,-117.242808,M,14,37
SSB,32.883965,-117.240439,Tu,14,92
BSB,32.875597,-117.236066,W,09,0
MCC,32.88156,-117.24028,M,15,84
SME,32.87989,-117.233139,W,09,16
MYR-A,32.875268,-117.240194,Th,09,4
OTRSN,32.88662,-117.241109,Th,21,0
RBC,32.884341,-117.240977,M,14,50
ECON,32.875323,-117.2355,W,11,21
APM,32.879039,-117.241028,M,19,95
OTRSN,32.88662,-117.241109,M,12,104
CSB,32.880547,-117.239444,M,10,116
CENTR,32.877773,-117.237262,Tu,11,1432
MANDE,32.877866,-117.239432,Th,19,59
CSB,32.880547,-117.239444,W,10,130
MET,32.875344,-117.234821,W,17,15
BSB,32.875597,-117.236066,Tu,11,62
TM102,32.881485,-117.23968,Tu,15,34
EBU2,32.881243,-117.233615,Th,11,146
HSS,32.878391,-117.241665,Tu,15,415
WFH,32.886956,-117.241839,Tu,13,132
RBC,32.884341,-117.240977,Tu,13,44
TM102,32.881485,-117.23968,M,18,18
EBU3B,32.881835,-117.233523,M,08,14
WLH,32.880558,-117.234319,F,10,718
HSS,32.878391,-117.241665,W,14,253
GH,32.873717,-117.240975,M,11,359
VAUGN,32.865324,-117.252961,Tu,11,55
LIT,32.880495,-117.23385,F,12,48
PCYNH,32.878422,-117.233767,Th,19,258
SOLIS,32.880931,-117.239798,Th,14,339
HSS,32.878391,-117.241665,M,12,396
APM,32.879039,-117.241028,Tu,18,237
YORK,32.874554,-117.240005,W,17,191
PCYNH,32.878422,-117.233767,W,16,410
SSB,32.883965,-117.240439,Th,17,29
CENTR,32.877773,-117.237262,M,21,42
APM,32.879039,-117.241028,W,17,140
MANDE,32.877866,-117.239432,Tu,10,247
MYR-A,32.875268,-117.240194,Tu,09,45
GH,32.873717,-117.240975,W,11,360
EBU3B,32.881835,-117.233523,Th,13,107
PACIF,32.87603,-117.242393,Tu,15,0
NIERN,32.868487,-117.251196,Th,11,0
WFH,32.886956,-117.241839,Tu,19,188
PCYNH,32.878422,-117.233767,F,13,305
IGPP,32.868349,-117.252952,F,09,5
YORK,32.874554,-117.240005,Tu,14,272
YORK,32.874554,-117.240005,F,12,432
IGPP,32.868349,-117.252952,Tu,14,21
OTRSN,32.88662,-117.241109,F,14,0
LIT,32.880495,-117.23385,Th,11,19
OTRSN,32.88662,-117.241109,Th,19,86
VAF,32.87918,-117.234138,W,12,30
PRICE,32.879733,-117.236191,Tu,10,334
SME,32.87989,-117.233139,W,08,28
EBU2,32.881243,-117.233615,M,15,136
WFH,32.886956,-117.241839,Tu,11,134
PRICE,32.879733,-117.236191,Th,11,135
PCYNH,32.878422,-117.233767,M,13,401
PFBH,32.881568,-117.234351,W,11,49
MCC,32.88156,-117.24028,W,17,45
EBU1,32.881659,-117.235623,W,16,26
WFH,32.886956,-117.241839,Tu,12,134
EBU3B,32.881835,-117.233523,F,10,20
MCGIL,32.879049,-117.242043,F,14,65
PETER,32.880013,-117.240351,Th,09,443
ASANT,32.884082,-117.241912,Th,16,29
MAYER,32.875322,-117.24019,F,18,0
SEQUO,32.882173,-117.240561,W,10,48
PRICE,32.879733,-117.236191,W,12,475
CPMC,32.877962,-117.234429,F,16,13
MANDE,32.877866,-117.239432,Th,09,262
VAUGN,32.865324,-117.252961,Th,15,48
GH,32.873717,-117.240975,Tu,16,281
PRICE,32.879733,-117.236191,W,10,144
LEDDN,32.878867,-117.241695,M,12,216
ASANT,32.884082,-117.241912,W,11,44
NIERN,32.868487,-117.251196,W,17,40
TM102,32.881485,-117.23968,W,18,18
LEDDN,32.878867,-117.241695,W,11,178
TMCA,32.881417,-117.241052,Tu,16,5
VAF,32.87918,-117.234138,F,14,24
PETER,32.880013,-117.240351,Th,19,496
MCGIL,32.879049,-117.242043,W,14,60
MANDE,32.877866,-117.239432,W,12,152
SME,32.87989,-117.233139,F,08,3
MANDE,32.877866,-117.239432,W,09,206
PCYNH,32.878422,-117.233767,Tu,19,301
BONN,32.875415,-117.240332,W,15,0
SEQUO,32.882173,-117.240561,F,13,31
VAUGN,32.865324,-117.252961,W,11,8
MCGIL,32.879049,-117.242043,M,12,60
EBU2,32.881243,-117.233615,F,15,130
MNDLR,32.879312,-117.242139,Tu,12,42
SOLIS,32.880931,-117.239798,M,18,244
VAUGN,32.865324,-117.252961,W,17,32
WLH,32.880558,-117.234319,Th,18,777
CENTR,32.877773,-117.237262,Tu,19,1044
MANDE,32.877866,-117.239432,Th,12,409
SOLIS,32.880931,-117.239798,M,15,263
CICC,32.885032,-117.241292,Tu,13,182
BONN,32.875415,-117.240332,F,13,0
NIERN,32.868487,-117.251196,Tu,12,0
CSB,32.880547,-117.239444,Tu,11,248
LEDDN,32.878867,-117.241695,M,10,240
MANDE,32.877866,-117.239432,F,11,89
TM102,32.881485,-117.23968,M,17,18
CSB,32.880547,-117.239444,W,18,93
PETER,32.880013,-117.240351,W,12,741
PCYNH,32.878422,-117.233767,Th,10,483
HSS,32.878391,-117.241665,M,19,84
YORK,32.874554,-117.240005,W,07,12
ECON,32.875323,-117.2355,M,09,33
MYR-A,32.875268,-117.240194,Th,11,14
EBU1,32.881659,-117.235623,Th,12,0
SME,32.87989,-117.233139,F,10,25
GH,32.873717,-117.240975,W,18,273
LEDDN,32.878867,-117.241695,Th,14,216
MAYER,32.875322,-117.24019,Th,11,46
EBU3B,32.881835,-117.233523,M,10,73
BSB,32.875597,-117.236066,Tu,09,65
DANCE,32.871733,-117.24019,W,15,2
CSB,32.880547,-117.239444,F,12,263
SME,32.87989,-117.233139,Tu,20,32
WFH,32.886956,-117.241839,Th,10,122
NSB,32.875274,-117.242808,F,13,21
BSB,32.875597,-117.236066,W,10,0
MYR-A,32.875268,-117.240194,Th,10,4
HSS,32.878391,-117.241665,Th,18,284
SEQUO,32.882173,-117.240561,W,08,0
HUBBS,32.867457,-117.253423,F,13,50
HSS,32.878391,-117.241665,W,19,135
MET,32.875344,-117.234821,W,10,6
ECON,32.875323,-117.2355,W,17,20
RBC,32.884341,-117.240977,W,09,77
PACIF,32.87603,-117.242393,W,14,30
EBU3B,32.881835,-117.233523,Th,15,165
WLH,32.880558,-117.234319,Tu,09,768
ECON,32.875323,-117.2355,Tu,10,35
EBU3B,32.881835,-117.233523,Th,09,123
SSB,32.883965,-117.240439,M,16,63
SOLIS,32.880931,-117.239798,F,16,228
MAYER,32.875322,-117.24019,F,11,46
SEQUO,32.882173,-117.240561,W,19,32
SOLIS,32.880931,-117.239798,M,20,71
SEQUO,32.882173,-117.240561,Tu,17,49
CICC,32.885032,-117.241292,Th,09,133
OTRSN,32.88662,-117.241109,Th,17,86
SME,32.87989,-117.233139,M,09,26
MAYER,32.875322,-117.24019,W,16,26
MYR-A,32.875268,-117.240194,M,16,38
NSB,32.875274,-117.242808,Tu,17,21
RBC,32.884341,-117.240977,F,13,19
PETER,32.880013,-117.240351,Th,10,424
GH,32.873717,-117.240975,W,09,280
MYR-A,32.875268,-117.240194,Tu,11,55
WLH,32.880558,-117.234319,W,09,703
HSS,32.878391,-117.241665,M,17,275
RBC,32.884341,-117.240977,Tu,08,27
EBU2,32.881243,-117.233615,M,16,89
SOLIS,32.880931,-117.239798,W,16,280
EBU3B,32.881835,-117.233523,W,20,48
MCC,32.88156,-117.24028,Th,13,10
EBU3B,32.881835,-117.233523,Tu,12,84
MNDLR,32.879312,-117.242139,Tu,15,5
SERF,32.879664,-117.235105,Tu,17,8
WLH,32.880558,-117.234319,Th,11,949
SEQUO,32.882173,-117.240561,M,14,48
UREY,32.875569,-117.241055,W,13,0
CSB,32.880547,-117.239444,M,08,134
CENTR,32.877773,-117.237262,Th,12,1525
LIT,32.880495,-117.23385,Tu,16,50
VAUGN,32.865324,-117.252961,W,09,16
PETER,32.880013,-117.240351,Tu,13,693
MYR-A,32.875268,-117.240194,W,15,91
MCC,32.88156,-117.24028,Tu,11,42
SEQUO,32.882173,-117.240561,Th,14,68
MANDE,32.877866,-117.239432,M,17,124
WLH,32.880558,-117.234319,W,15,764
SERF,32.879664,-117.235105,W,09,22
YORK,32.874554,-117.240005,M,11,435
WFH,32.886956,-117.241839,M,11,132
WLH,32.880558,-117.234319,Tu,12,1035
BONN,32.875415,-117.240332,Th,10,0
SME,32.87989,-117.233139,M,15,76
CMME,32.875561,-117.235448,M,14,20
WLH,32.880558,-117.234319,Tu,18,927
EBU1,32.881659,-117.235623,Th,19,24
EBU2,32.881243,-117.233615,W,10,152
LEDDN,32.878867,-117.241695,M,20,183
ECKRT,32.86716,-117.252589,M,12,24
APM,32.879039,-117.241028,M,12,63
OTRSN,32.88662,-117.241109,M,17,33
MANDE,32.877866,-117.239432,Tu,18,168
CSB,32.880547,-117.239444,Th,08,211
CENTR,32.877773,-117.237262,Tu,14,1303
CPMC,32.877962,-117.234429,Th,12,275
TM102,32.881485,-117.23968,Tu,10,31
EBU2,32.881243,-117.233615,Th,14,151
HSS,32.878391,-117.241665,Tu,18,282
CENTR,32.877773,-117.237262,Tu,08,663
NSB,32.875274,-117.242808,M,12,20
WLH,32.880558,-117.234319,F,15,666
WFH,32.886956,-117.241839,Th,19,155
OTRSN,32.88662,-117.241109,W,13,104
HSS,32.878391,-117.241665,Th,13,368
MCGIL,32.879049,-117.242043,M,08,27
GH,32.873717,-117.240975,F,18,5
CENTR,32.877773,-117.237262,M,12,1433
SOLIS,32.880931,-117.239798,Th,11,424
WLH,32.880558,-117.234319,M,12,911
APM,32.879039,-117.241028,Tu,13,218
NSB,32.875274,-117.242808,W,10,80
YORK,32.874554,-117.240005,W,10,148
PCYNH,32.878422,-117.233767,W,13,389
MCC,32.88156,-117.24028,F,14,10
APM,32.879039,-117.241028,Tu,21,68
CENTR,32.877773,-117.237262,F,11,1319
MANDE,32.877866,-117.239432,Tu,08,117
CMME,32.875561,-117.235448,Th,08,21
GH,32.873717,-117.240975,Th,14,243
MYR-A,32.875268,-117.240194,W,09,50
EBU2,32.881243,-117.233615,Tu,17,33
YORK,32.874554,-117.240005,Tu,13,501
GH,32.873717,-117.240975,M,09,267
ECKRT,32.86716,-117.252589,Th,12,65
LEDDN,32.878867,-117.241695,Tu,09,206
NSB,32.875274,-117.242808,Th,13,35
LEDDN,32.878867,-117.241695,F,14,171
LIT,32.880495,-117.23385,Th,14,51
LEDDN,32.878867,-117.241695,Tu,15,216
CSB,32.880547,-117.239444,W,08,115
VAF,32.87918,-117.234138,Tu,13,30
PRICE,32.879733,-117.236191,F,10,144
GH,32.873717,-117.240975,Th,08,307
SSB,32.883965,-117.240439,F,12,10
YORK,32.874554,-117.240005,Th,16,343
MET,32.875344,-117.234821,F,16,0
PFBH,32.881568,-117.234351,Tu,14,19
SME,32.87989,-117.233139,Th,18,5
MCGIL,32.879049,-117.242043,F,13,71
CICC,32.885032,-117.241292,Th,12,199
RBC,32.884341,-117.240977,Tu,21,71
SSB,32.883965,-117.240439,M,18,8
APM,32.879039,-117.241028,Th,14,196
BSB,32.875597,-117.236066,Th,16,16
CENTR,32.877773,-117.237262,Tu,13,1283
LIT,32.880495,-117.23385,W,15,52
SME,32.87989,-117.233139,Tu,12,168
GH,32.873717,-117.240975,Tu,19,277
BONN,32.875415,-117.240332,Tu,16,0
LEDDN,32.878867,-117.241695,M,19,194
EBU3B,32.881835,-117.233523,W,11,80
CPMC,32.877962,-117.234429,W,19,2
TM102,32.881485,-117.23968,W,15,19
LEDDN,32.878867,-117.241695,W,14,171
ASANT,32.884082,-117.241912,Tu,14,74
VAF,32.87918,-117.234138,F,11,24
MANDE,32.877866,-117.239432,W,15,164
CPMC,32.877962,-117.234429,Tu,14,33
RBC,32.884341,-117.240977,W,15,79
IGPP,32.868349,-117.252952,W,10,7
PFBH,32.881568,-117.234351,M,15,42
CPMC,32.877962,-117.234429,M,19,11
MCGIL,32.879049,-117.242043,M,17,33
PCYNH,32.878422,-117.233767,Tu,20,18
APM,32.879039,-117.241028,F,15,58
MAYER,32.875322,-117.24019,Tu,14,11
BONN,32.875415,-117.240332,F,11,0
SSB,32.883965,-117.240439,Tu,10,77
CMME,32.875561,-117.235448,F,13,20
ASANT,32.884082,-117.241912,F,08,44
MCC,32.88156,-117.24028,M,11,28
MNDLR,32.879312,-117.242139,Th,17,38
RBC,32.884341,-117.240977,M,10,42
PRICE,32.879733,-117.236191,Th,08,394
VAUGN,32.865324,-117.252961,W,15,19
CSB,32.880547,-117.239444,M,14,124
SOLIS,32.880931,-117.239798,Tu,19,331
CSB,32.880547,-117.239444,Tu,15,144
CSB,32.880547,-117.239444,W,14,176
LIT,32.880495,-117.23385,M,11,55
EBU1,32.881659,-117.235623,Tu,10,23
HSS,32.878391,-117.241665,Tu,11,342
MANDE,32.877866,-117.239432,F,16,105
VAUGN,32.865324,-117.252961,M,10,16
LEDDN,32.878867,-117.241695,Th,08,206
HSS,32.878391,-117.241665,W,10,321
SME,32.87989,-117.233139,Th,09,125
SPIES,32.869081,-117.251015,M,17,55
GH,32.873717,-117.240975,M,15,23
HUBBS,32.867457,-117.253423,M,14,27
CENTR,32.877773,-117.237262,W,21,330
PETER,32.880013,-117.240351,W,17,707
SOLIS,32.880931,-117.239798,Th,18,337
ECON,32.875323,-117.2355,M,15,22
ERCA,32.886146,-117.242029,M,18,28
MNDLR,32.879312,-117.242139,W,14,3
CENTR,32.877773,-117.237262,Th,16,1203
EBU1,32.881659,-117.235623,Th,17,91
CSB,32.880547,-117.239444,Th,14,144
GH,32.873717,-117.240975,W,15,29
MAYER,32.875322,-117.24019,Th,16,0
ECKRT,32.86716,-117.252589,W,11,24
OTRSN,32.88662,-117.241109,F,10,0
WFH,32.886956,-117.241839,W,09,0
WLH,32.880558,-117.234319,F,09,619
WFH,32.886956,-117.241839,Th,17,91
VAF,32.87918,-117.234138,W,16,13
ERCA,32.886146,-117.242029,Tu,13,10
ERCA,32.886146,-117.242029,W,11,29
ECON,32.875323,-117.2355,Th,13,4
PCYNH,32.878422,-117.233767,M,17,379
PFBH,32.881568,-117.234351,W,15,74
HSS,32.878391,-117.241665,F,11,322
SERF,32.879664,-117.235105,M,10,22
WFH,32.886956,-117.241839,Tu,20,112
IGPP,32.868349,-117.252952,Th,13,0
SME,32.87989,-117.233139,Th,11,159
HSS,32.878391,-117.241665,W,08,125
SSB,32.883965,-117.240439,M,13,90
SOLIS,32.880931,-117.239798,F,11,124
MAYER,32.875322,-117.24019,F,14,0
SEQUO,32.882173,-117.240561,W,14,43
PRICE,32.879733,-117.236191,W,08,236
TM102,32.881485,-117.23968,Tu,09,31
CSB,32.880547,-117.239444,W,21,52
CPMC,32.877962,-117.234429,F,12,40
MAYER,32.875322,-117.24019,M,13,7
VAUGN,32.865324,-117.252961,Th,11,55
GH,32.873717,-117.240975,Tu,12,354
GH,32.873717,-117.240975,F,21,5
LEDDN,32.878867,-117.241695,M,16,190
PETER,32.880013,-117.240351,M,16,513
RVCOM,32.874702,-117.241985,Th,16,9
PCYNH,32.878422,-117.233767,W,10,479
MCC,32.88156,-117.24028,M,09,22
TMCA,32.881417,-117.241052,F,12,14
ASANT,32.884082,-117.241912,W,15,72
SSB,32.883965,-117.240439,Th,20,17
MNDLR,32.879312,-117.242139,Tu,09,18
PETER,32.880013,-117.240351,Th,15,694
MCGIL,32.879049,-117.242043,F,08,27
MCGIL,32.879049,-117.242043,W,10,59
YORK,32.874554,-117.240005,M,08,258
PRICE,32.879733,-117.236191,M,08,236
SEQUO,32.882173,-117.240561,F,17,0
CPMC,32.877962,-117.234429,M,10,76
CSB,32.880547,-117.239444,Th,12,248
SOLIS,32.880931,-117.239798,W,13,215
EBU2,32.881243,-117.233615,F,11,73
OTRSN,32.88662,-117.241109,Tu,20,0
VAF,32.87918,-117.234138,Th,13,35
SSRB,32.880687,-117.240153,Tu,19,12
ASANT,32.884082,-117.241912,W,08,15
WLH,32.880558,-117.234319,Th,14,817
WFH,32.886956,-117.241839,W,15,226
PFBH,32.881568,-117.234351,Th,12,22
HUBBS,32.867457,-117.253423,W,12,24
RBC,32.884341,-117.240977,Th,20,237
PCYNH,32.878422,-117.233767,M,20,108
MCGIL,32.879049,-117.242043,Tu,15,43
LIT,32.880495,-117.23385,Tu,13,25
WLH,32.880558,-117.234319,W,18,533
ECKRT,32.86716,-117.252589,Tu,10,48
PCYNH,32.878422,-117.233767,Th,14,424
CENTR,32.877773,-117.237262,Th,19,711
CENTR,32.877773,-117.237262,W,16,908
LEDDN,32.878867,-117.241695,W,09,151
SME,32.87989,-117.233139,M,10,26
WLH,32.880558,-117.234319,Tu,15,890
EBU3B,32.881835,-117.233523,W,08,14
SME,32.87989,-117.233139,F,14,18
MCC,32.88156,-117.24028,W,12,10
SERF,32.879664,-117.235105,M,09,22
MCGIL,32.879049,-117.242043,W,08,27
LEDDN,32.878867,-117.241695,Th,10,192
EBU3B,32.881835,-117.233523,M,14,35
OTRSN,32.88662,-117.241109,M,18,33
CSB,32.880547,-117.239444,F,16,109
EBU1,32.881659,-117.235623,Tu,11,0
BIO,32.876028,-117.242219,W,14,40
VAUGN,32.865324,-117.252961,Th,09,39
MYR-A,32.875268,-117.240194,Th,15,92
PRICE,32.879733,-117.236191,F,09,294
HSS,32.878391,-117.241665,Th,14,331
LFFB,32.876682,-117.236868,W,16,9
GH,32.873717,-117.240975,F,13,423
CENTR,32.877773,-117.237262,M,17,1239
VAUGN,32.865324,-117.252961,W,16,19
APM,32.879039,-117.241028,Tu,16,198
PCYNH,32.878422,-117.233767,W,18,168
MCC,32.88156,-117.24028,F,11,17
OTRSN,32.88662,-117.241109,Tu,13,153
APM,32.879039,-117.241028,W,19,131
WFH,32.886956,-117.241839,F,10,0
YORK,32.874554,-117.240005,M,20,10
EBU3B,32.881835,-117.233523,Th,11,129
TM102,32.881485,-117.23968,Th,12,38
HUBBS,32.867457,-117.253423,Th,16,26
WFH,32.886956,-117.241839,Tu,17,76
EBU3B,32.881835,-117.233523,F,12,20
MNDLR,32.879312,-117.242139,F,15,4
CPMC,32.877962,-117.234429,W,09,72
EBU3B,32.881835,-117.233523,Th,21,35
SEQUO,32.882173,-117.240561,Tu,13,47
NSB,32.875274,-117.242808,Th,16,0
PETER,32.880013,-117.240351,F,13,743
PETER,32.880013,-117.240351,M,19,272
VAUGN,32.865324,-117.252961,M,09,16
LFFB,32.876682,-117.236868,M,15,9
OTRSN,32.88662,-117.241109,Th,13,153
ASANT,32.884082,-117.241912,F,16,37
EBU1,32.881659,-117.235623,Tu,09,23
LEDDN,32.878867,-117.241695,Tu,12,201
SOLIS,32.880931,-117.239798,M,09,324
YORK,32.874554,-117.240005,Tu,08,372
NIERN,32.868487,-117.251196,Th,09,31
MAYER,32.875322,-117.24019,W,12,7
MYR-A,32.875268,-117.240194,M,12,36
NSB,32.875274,-117.242808,Tu,13,35
GH,32.873717,-117.240975,M,22,5
YORK,32.874554,-117.240005,Th,13,467
MYR-A,32.875268,-117.240194,Tu,15,129
MANDE,32.877866,-117.239432,M,11,275
HSS,32.878391,-117.241665,W,22,0
WFH,32.886956,-117.241839,W,12,192
APM,32.879039,-117.241028,Th,11,167
SOLIS,32.880931,-117.239798,Th,08,260
UREY,32.875569,-117.241055,Tu,14,0
EBU2,32.881243,-117.233615,F,09,96
SME,32.87989,-117.233139,Tu,17,29
WLH,32.880558,-117.234319,Th,09,770
EBU3B,32.881835,-117.233523,Tu,16,57
MNDLR,32.879312,-117.242139,Tu,11,49
SEQUO,32.882173,-117.240561,M,10,48
MYR-A,32.875268,-117.240194,Th,17,42
HSS,32.878391,-117.241665,Tu,09,342
EBU3B,32.881835,-117.233523,W,14,74
CPMC,32.877962,-117.234429,W,12,92
ASANT,32.884082,-117.241912,Tu,11,59
PETER,32.880013,-117.240351,Tu,17,623
MYR-A,32.875268,-117.240194,W,11,72
SEQUO,32.882173,-117.240561,Th,18,47
CMME,32.875561,-117.235448,Th,10,0
WLH,32.880558,-117.234319,W,11,909
MANDE,32.877866,-117.239432,W,18,129
CPMC,32.877962,-117.234429,Tu,13,236
YORK,32.874554,-117.240005,M,15,336
WFH,32.886956,-117.241839,M,15,226
PCYNH,32.878422,-117.233767,Tu,17,441
RBC,32.884341,-117.240977,W,10,61
BONN,32.875415,-117.240332,Th,14,0
CENTR,32.877773,-117.237262,W,19,951
APM,32.879039,-117.241028,F,10,67
PCYNH,32.878422,-117.233767,F,17,108
NSB,32.875274,-117.242808,M,13,21
MCC,32.88156,-117.24028,M,14,62
ASANT,32.884082,-117.241912,M,10,32
OTRSN,32.88662,-117.241109,Th,20,0
RBC,32.884341,-117.240977,M,17,35
APM,32.879039,-117.241028,M,16,40
OTRSN,32.88662,-117.241109,M,13,104
CSB,32.880547,-117.239444,M,11,181
CENTR,32.877773,-117.237262,Tu,10,1036
MANDE,32.877866,-117.239432,Th,18,100
CSB,32.880547,-117.239444,W,11,181
CPMC,32.877962,-117.234429,Th,16,33
TM102,32.881485,-117.23968,Tu,14,15
GH,32.873717,-117.240975,M,20,5
EBU2,32.881243,-117.233615,Th,20,15
HSS,32.878391,-117.241665,Tu,14,345
MAYER,32.875322,-117.24019,F,09,0
EBU3B,32.881835,-117.233523,M,09,79
WLH,32.880558,-117.234319,F,11,871
PETER,32.880013,-117.240351,W,20,73
HSS,32.878391,-117.241665,W,15,252
OTRSN,32.88662,-117.241109,F,08,0
EBU1,32.881659,-117.235623,M,15,26
VAUGN,32.865324,-117.252961,Tu,10,57
SPIES,32.869081,-117.251015,M,10,5
VAUGN,32.865324,-117.252961,Tu,16,20
SOLIS,32.880931,-117.239798,Th,15,363
HSS,32.878391,-117.241665,M,13,334
HUBBS,32.867457,-117.253423,Tu,15,26
YORK,32.874554,-117.240005,W,14,527
PCYNH,32.878422,-117.233767,W,17,134
SSB,32.883965,-117.240439,Th,10,53
CENTR,32.877773,-117.237262,M,20,70
EBU2,32.881243,-117.233615,M,09,23
APM,32.879039,-117.241028,W,10,106
MANDE,32.877866,-117.239432,Tu,11,234
CENTR,32.877773,-117.237262,F,15,746
GH,32.873717,-117.240975,W,12,173
PACIF,32.87603,-117.242393,Tu,16,0
APM,32.879039,-117.241028,Tu,19,230
YORK,32.874554,-117.240005,Tu,17,283
YORK,32.874554,-117.240005,F,15,164
CMME,32.875561,-117.235448,W,14,20
IGPP,32.868349,-117.252952,Tu,15,21
RBC,32.884341,-117.240977,Tu,17,80
LIT,32.880495,-117.23385,W,17,14
LFFB,32.876682,-117.236868,Tu,08,1
YORK,32.874554,-117.240005,W,16,462
VAF,32.87918,-117.234138,W,11,24
PRICE,32.879733,-117.236191,Tu,11,135
LIT,32.880495,-117.23385,F,16,12
PFBH,32.881568,-117.234351,Tu,11,23
SERF,32.879664,-117.235105,Tu,16,8
APM,32.879039,-117.241028,Th,08,82
PRICE,32.879733,-117.236191,Th,10,334
RBC,32.884341,-117.240977,M,08,16
PCYNH,32.878422,-117.233767,M,10,477
PFBH,32.881568,-117.234351,W,10,22
EBU1,32.881659,-117.235623,W,17,26
SSB,32.883965,-117.240439,Tu,08,26
SME,32.87989,-117.233139,Th,17,5
SME,32.87989,-117.233139,Th,14,27
MCGIL,32.879049,-117.242043,F,17,19
YORK,32.874554,-117.240005,Th,20,17
ASANT,32.884082,-117.241912,Th,11,59
MANDE,32.877866,-117.239432,Tu,17,168
MANDE,32.877866,-117.239432,M,20,140
SME,32.87989,-117.233139,W,13,109
VAUGN,32.865324,-117.252961,Th,14,34
GH,32.873717,-117.240975,Tu,15,281
APM,32.879039,-117.241028,Th,20,64
SEQUO,32.882173,-117.240561,M,19,69
MAYER,32.875322,-117.24019,Tu,09,4
NIERN,32.868487,-117.251196,W,14,6
WFH,32.886956,-117.241839,Tu,15,313
LEDDN,32.878867,-117.241695,W,10,240
RVCOM,32.874702,-117.241985,Tu,16,20
EBU3B,32.881835,-117.233523,Tu,09,69
MCGIL,32.879049,-117.242043,W,15,77
MANDE,32.877866,-117.239432,W,11,224
MET,32.875344,-117.234821,M,10,9
PCYNH,32.878422,-117.233767,Tu,18,448
BONN,32.875415,-117.240332,W,12,0
PFBH,32.881568,-117.234351,M,11,34
MCGIL,32.879049,-117.242043,M,13,47
MAYER,32.875322,-117.24019,Tu,18,0
EBU2,32.881243,-117.233615,F,16,55
WFH,32.886956,-117.241839,Th,08,110
TMCA,32.881417,-117.241052,Th,18,27
CMME,32.875561,-117.235448,Tu,12,0
RBC,32.884341,-117.240977,Th,17,256
MANDE,32.877866,-117.239432,Th,11,225
SOLIS,32.880931,-117.239798,M,12,536
CICC,32.885032,-117.241292,Tu,10,133
LIT,32.880495,-117.23385,M,15,46
BONN,32.875415,-117.240332,F,12,0
NIERN,32.868487,-117.251196,Tu,15,0
MANDE,32.877866,-117.239432,F,12,52
HUBBS,32.867457,-117.253423,M,10,27
PETER,32.880013,-117.240351,W,13,781
PCYNH,32.878422,-117.233767,Th,11,551
MCGIL,32.879049,-117.242043,Th,12,49
MYR-A,32.875268,-117.240194,F,09,22
ECON,32.875323,-117.2355,M,11,29
RBC,32.884341,-117.240977,Tu,10,133
ECON,32.875323,-117.2355,M,08,24
ECON,32.875323,-117.2355,Tu,09,35
PCYNH,32.878422,-117.233767,F,19,50
TM102,32.881485,-117.23968,Th,09,30
SME,32.87989,-117.233139,F,11,52
OTRSN,32.88662,-117.241109,Tu,08,133
GH,32.873717,-117.240975,W,19,273
MAYER,32.875322,-117.24019,Th,12,46
EBU3B,32.881835,-117.233523,M,13,267
RBC,32.884341,-117.240977,Th,13,44
ECKRT,32.86716,-117.252589,W,15,30
HSS,32.878391,-117.241665,Th,21,34
DANCE,32.871733,-117.24019,W,14,2
BONN,32.875415,-117.240332,Tu,15,0
RBC,32.884341,-117.240977,Th,08,27
CSB,32.880547,-117.239444,F,11,181
PRICE,32.879733,-117.236191,Tu,09,394
WFH,32.886956,-117.241839,Th,13,132
SEQUO,32.882173,-117.240561,M,17,48
DANCE,32.871733,-117.24019,M,15,2
HSS,32.878391,-117.241665,Th,19,225
VAF,32.87918,-117.234138,M,17,15
SEQUO,32.882173,-117.240561,W,09,67
HUBBS,32.867457,-117.253423,F,12,50
TM102,32.881485,-117.23968,Th,21,34
HSS,32.878391,-117.241665,F,15,149
SERF,32.879664,-117.235105,M,14,17
BONN,32.875415,-117.240332,F,16,0
GH,32.873717,-117.240975,Th,22,5
EBU3B,32.881835,-117.233523,Th,14,163
EBU2,32.881243,-117.233615,W,08,32
WLH,32.880558,-117.234319,Tu,08,561
SSB,32.883965,-117.240439,M,17,25
SOLIS,32.880931,-117.239798,F,15,219
MAYER,32.875322,-117.24019,F,10,0
MNDLR,32.879312,-117.242139,F,12,13
SEQUO,32.882173,-117.240561,W,18,59
OTRSN,32.88662,-117.241109,Th,15,136
SEQUO,32.882173,-117.240561,Tu,18,17
PETER,32.880013,-117.240351,F,16,262
MCC,32.88156,-117.24028,Tu,09,7
PETER,32.880013,-117.240351,M,12,721
MYR-A,32.875268,-117.240194,Th,14,88
SME,32.87989,-117.233139,W,07,12
MAYER,32.875322,-117.24019,W,17,22
NSB,32.875274,-117.242808,Tu,14,38
PETER,32.880013,-117.240351,Th,11,717
MYR-A,32.875268,-117.240194,Tu,10,45
CPMC,32.877962,-117.234429,M,14,12
SEQUO,32.882173,-117.240561,M,20,64
EBU1,32.881659,-117.235623,F,10,42
EBU2,32.881243,-117.233615,M,11,68
SOLIS,32.880931,-117.239798,W,17,375
BSB,32.875597,-117.236066,Tu,10,65
SME,32.87989,-117.233139,Tu,18,61
MCC,32.88156,-117.24028,Th,12,50
EBU3B,32.881835,-117.233523,Tu,13,65
VAF,32.87918,-117.234138,Th,17,22
BONN,32.875415,-117.240332,Tu,18,0
MNDLR,32.879312,-117.242139,Tu,16,11
NIERN,32.868487,-117.251196,M,11,8
WLH,32.880558,-117.234319,Th,10,768
PFBH,32.881568,-117.234351,F,09,19
WFH,32.886956,-117.241839,W,11,132
UREY,32.875569,-117.241055,Th,16,0
MCGIL,32.879049,-117.242043,Tu,11,37
LIT,32.880495,-117.23385,Tu,17,29
PETER,32.880013,-117.240351,Tu,12,752
MYR-A,32.875268,-117.240194,W,16,124
MCC,32.88156,-117.24028,Tu,12,42
SEQUO,32.882173,-117.240561,Th,13,50
WLH,32.880558,-117.234319,W,14,438
EBU1,32.881659,-117.235623,M,16,26
